,
http://pp.myapp.com/ma_pic2/0/shot_10868231_1_1456124328/550,
http://wx1.sinaimg.cn/middle/006C9L8qly1ibs75u92klj30q90z0h7l.jpg,
http://wx1.sinaimg.cn/middle/007YAdaely1iasmsmwta3j30u01hctba.jpg,
http://wx1.sinaimg.cn/middle/6ce3226cgy1ibq8ceu54lj20fu0al74q.jpg,
http://wx1.sinaimg.cn/thumb150/008w8muKgy1hzy74p22eij31kw16m7ak.jpg,
http://wx1.sinaimg.cn/thumbnail/005HGXYgly1ic9pdnlkp8j30u0126qah.jpg,
http://wx1.sinaimg.cn/thumbnail/005ID2ojly1iblof5vnl2j34h02nyqv5.jpg,
http://wx1.sinaimg.cn/thumbnail/005KdKkTgy1i0au1i1d69j30xv12qjyb.jpg,
http://wx1.sinaimg.cn/thumbnail/005zyrBNgy1i2e1zp4acfj30u01dmjwx.jpg,
http://wx1.sinaimg.cn/thumbnail/0063ZBshgy1i03qufc00jj30wr0ondln.jpg,
http://wx1.sinaimg.cn/thumbnail/0066e6twgy1i4nwwgf6qdj31f40c6dmg.jpg,
http://wx1.sinaimg.cn/thumbnail/006pAIghgy1i1765nc447g30o20djqvc.gif,
http://wx1.sinaimg.cn/thumbnail/006q2FDigy1i05pmjf4luj316l1rw12e.jpg,
http://wx1.sinaimg.cn/thumbnail/007EKsepgy1icgy8clgztg30k00qoe8k.gif,
http://wx1.sinaimg.cn/thumbnail/007LjNhCgy1i0mc4e2dwyj30u00n3gnq.jpg,
http://wx1.sinaimg.cn/thumbnail/0083ZBCIgy1i0eyqgw7mvj30ys0sz7ba.jpg,
http://wx1.sinaimg.cn/thumbnail/0084Grl2ly1ibbkonwx5xj30u00gwdkr.jpg,
http://wx1.sinaimg.cn/thumbnail/008HXb8Egy1icuipsrthfj30k00nkq8w.jpg,
http://wx1.sinaimg.cn/thumbnail/008audW7gy1i01bi3d89jj30zu1epaly.jpg,
http://wx1.sinaimg.cn/thumbnail/008qrxyxgy1i8xf6zc2o5j31400u0q7k.jpg,
http://wx1.sinaimg.cn/thumbnail/008rkG4Ngy1i1e85905qoj30ig0g8t9m.jpg,
http://wx1.sinaimg.cn/thumbnail/008w8muKgy1i01fastj6ij30u013h7e6.jpg,
http://wx1.sinaimg.cn/thumbnail/008w8muKgy1i7r7x0qhwmj30u010swla.jpg,
http://wx1.sinaimg.cn/thumbnail/008w8muKly1i0y6j4ziabj30b5018wek.jpg,
http://wx1.sinaimg.cn/thumbnail/9dd38fb5ly1i9gg43ar0bg20mi0f0kk1.gif,
http://wx1.sinaimg.cn/thumbnail/9dd38fb5ly1ice3o4soxtj20iw0a0q8c.jpg,
http://wx1.sinaimg.cn/woriginal/008wWnj4gy1i827gw0403j31t01crb29.jpg,
http://wx1.sinaimg.cn/woriginal/008wWnj4gy1i829piwkwcj30wi18aaju.jpg,
http://wx1.sinaimg.cn/woriginal/008wWnj4ly1hw2dkgw1ufj30u01t00vx.jpg,
http://wx1.sinaimg.cn/woriginal/008wWnj4ly1hyavs7kg95j30u00ckq3t.jpg,
http://wx1.sinaimg.cn/woriginal/008wWnj4ly1hynu6yzj73j30wr0q5go9.jpg,
http://wx1.sinaimg.cn/woriginal/008wWnj4ly1i10v057eqdj30m50jddhc.jpg,
http://wx1.sinaimg.cn/woriginal/008wWnj4ly1i1iya60ebuj31t00u0dlx.jpg,
http://wx1.sinaimg.cn/woriginal/008wWnj4ly1i34gisk87fj30si0keadx.jpg,
http://wx1.sinaimg.cn/woriginal/008wWnj4ly1i79yhov2pej30wi14in5a.jpg,
http://wx1.sinaimg.cn/woriginal/008wWnj4ly1i7hvosogruj30oc0ve45p.jpg,
http://wx1.sinaimg.cn/woriginal/008wWnj4ly1i7pzchki5vj30oc0pedkd.jpg,
http://wx1.sinaimg.cn/woriginal/008wWnj4ly1i82i5qftn8j30wi0foq6o.jpg,
http://wx1.sinaimg.cn/woriginal/008wWnj4ly1ia7mn3lb1ij30zo0non22.jpg,
http://wx1.sinaimg.cn/woriginal/008wWnj4ly1iau7bmex57j30cc0gawlw.jpg,
http://wx1.sinaimg.cn/woriginal/008wWnj4ly1ib3aq7xsxcj31yc0pewuw.jpg,
http://wx1.sinaimg.cn/woriginal/008wWnj4ly1ib6jfvg6zsj32c02c0e82.jpg,
http://wx1.sinaimg.cn/woriginal/008wWnj4ly1ib9aw386juj30wi1g3qcn.jpg,
http://wx1.sinaimg.cn/woriginal/008wWnj4ly1ibd81ola0wj30y81wgx44.jpg,
http://wx1.sinaimg.cn/woriginal/008wWnj4ly1ibdkaqu5wsj30wi0iadiw.jpg,
http://wx1.sinaimg.cn/woriginal/008wWnj4ly1ibk6yx40vej316q1kwgwl.jpg,
http://wx1.sinaimg.cn/woriginal/008wWnj4ly1ibk72fhmorj30wi1iftpt.jpg,
http://wx1.sinaimg.cn/woriginal/008wWnj4ly1iblgofa5n4j30wi0dtacv.jpg,
http://wx1.sinaimg.cn/woriginal/008wWnj4ly1ibls0vzlw5j309k08cwex.jpg,
http://wx1.sinaimg.cn/woriginal/008wWnj4ly1ibltnxkk97j30wi0dm42r.jpg,
http://wx1.sinaimg.cn/woriginal/008wWnj4ly1ibrecd7bijj30ec05lmy7.jpg,
http://wx1.sinaimg.cn/woriginal/008wWnj4ly1ibsjwsxg4ij30gy074q3w.jpg,
http://wx1.sinaimg.cn/woriginal/008wWnj4ly1ic58q85js3j30bu01ga9y.jpg,
http://wx1.sinaimg.cn/woriginal/008wWnj4ly1ic63qep21bj30wi0xdq8h.jpg,
http://wx1.sinaimg.cn/woriginal/008wWnj4ly1icb9t8r8ukj31kq0qyn8a.jpg,
http://wx1.sinaimg.cn/woriginal/008wWnj4ly1ich3nd7p7oj30ko0kogoe.jpg,
http://wx1.sinaimg.cn/woriginal/008wWnj4ly1icjd7b2je9j30le0ledho.jpg,
http://wx1.sinaimg.cn/woriginal/008wWnj4ly1ickc179tujj31uc1acb2a.jpg,
http://wx1.sinaimg.cn/woriginal/008wWnj4ly1icl6ul9mb7j30wi0f9tbm.jpg,
http://wx1.sinaimg.cn/woriginal/008wWnj4ly1icml4907gmj31me18waim.jpg,
http://wx1.sinaimg.cn/woriginal/008wWnj4ly1icmuy0xfylj31u016i473.jpg,
http://wx1.sinaimg.cn/woriginal/008wWnj4ly1icui84wwvlj30tz33kk5p.jpg,
http://wx1.sinaimg.cn/woriginal/008wWnj4ly1icust8an9aj30wi0glgnr.jpg,
http://wx1.sinaimg.cn/woriginal/008wWnj4ly1icw9lmwsdyj30wi1cdq9l.jpg,
http://wx1.sinaimg.cn/woriginal/008wWnj4ly1icye0rtor1j30w00m4ae9.jpg,
http://wx2.sinaimg.cn/middle/005Zopxcgy1ibrk5xjzhlj30qo0k03yv.jpg,
http://wx2.sinaimg.cn/middle/008by4Rzly1ibs6drpin0j30u01hcq4o.jpg,
http://wx2.sinaimg.cn/middle/008rLAgMly1ibrmpv4kswj30sg0g0t9c.jpg,
http://wx2.sinaimg.cn/middle/620ae3bfly1i9v8fk70mzj20r20mqgpq.jpg,
http://wx2.sinaimg.cn/middle/beebff5fly1ibr4fp4ppcj20k00zkq4g.jpg,
http://wx2.sinaimg.cn/thumbnail/002Ywxupgy1i2v5mq0onuj60u019i7bb02.jpg,
http://wx2.sinaimg.cn/thumbnail/005KLaNRgy1ibgyp6kqiyj30xi177te1.jpg,
http://wx2.sinaimg.cn/thumbnail/005KdKkTgy1i4o5f6y2lij30xw0ddgou.jpg,
http://wx2.sinaimg.cn/thumbnail/0063ZBshgy1i4ro58jn28j31dy0jxaqx.jpg,
http://wx2.sinaimg.cn/thumbnail/0068GZJSly1hwx8rpe5hpj335s23u7wk.jpg,
http://wx2.sinaimg.cn/thumbnail/006YrfC3gy1i6k62q7hsgj30wr1a9tnw.jpg,
http://wx2.sinaimg.cn/thumbnail/0075cGZIgy1icc1qe95dyj31jk2bckb1.jpg,
http://wx2.sinaimg.cn/thumbnail/007EKmk9ly1hzd6z0rfivj30wi0xjwm4.jpg,
http://wx2.sinaimg.cn/thumbnail/007QCEDigy1i029qu38r5j30b20gs44l.jpg,
http://wx2.sinaimg.cn/thumbnail/007SWPUQly1ibk6tuc4aij30zc1l4am7.jpg,
http://wx2.sinaimg.cn/thumbnail/007c79VIly1i050t7j1s4g30k00k0qvh.gif,
http://wx2.sinaimg.cn/thumbnail/007cGP4tgy1ic7bl1gld0j3140138tfj.jpg,
http://wx2.sinaimg.cn/thumbnail/008CZk6vgy1iapevq6paoj30wr0zutgp.jpg,
http://wx2.sinaimg.cn/thumbnail/008F9QiUly1iavdk26fmpj310t0i4jy8.jpg,
http://wx2.sinaimg.cn/thumbnail/008sIr7fgy1i00m38ie8gj31kw11xjuu.jpg,
http://wx2.sinaimg.cn/thumbnail/008sIr7fgy1i2zvsz2ocaj30ws17ogs1.jpg,
http://wx2.sinaimg.cn/thumbnail/008w8muKgy1i0y5ef4ibpj30u00ipgnk.jpg,
http://wx2.sinaimg.cn/thumbnail/008w8muKgy1i81kuj8xsmj30u011i782.jpg,
http://wx2.sinaimg.cn/thumbnail/7e959905gy1i05tegg8ccj20qk1kvajm.jpg,
http://wx2.sinaimg.cn/thumbnail/9dd38fb5ly1i2bssq6wphj21900u0thh.jpg,
http://wx2.sinaimg.cn/thumbnail/e54e7affgy1hynt4ix4pbj20xc18gjy5.jpg,
http://wx2.sinaimg.cn/woriginal/008wWnj4ly1i0ul18wmw0j329o2jt1ky.jpg,
http://wx2.sinaimg.cn/woriginal/008wWnj4ly1i199augn6kj329o3qhe81.jpg,
http://wx2.sinaimg.cn/woriginal/008wWnj4ly1i1c1rpipwwj30zu0ldtd5.jpg,
http://wx2.sinaimg.cn/woriginal/008wWnj4ly1i5tn6sq0dlj30wi0cqgph.jpg,
http://wx2.sinaimg.cn/woriginal/008wWnj4ly1i5w4j99osvj30nkcmru0y.jpg,
http://wx2.sinaimg.cn/woriginal/008wWnj4ly1i79ula70sfj30k00zk766.jpg,
http://wx2.sinaimg.cn/woriginal/008wWnj4ly1i7a141i1p7j30wi13mjz9.jpg,
http://wx2.sinaimg.cn/woriginal/008wWnj4ly1i7k9ffigmej30j00hon08.jpg,
http://wx2.sinaimg.cn/woriginal/008wWnj4ly1i80es6wpdfj30wi1cj46i.jpg,
http://wx2.sinaimg.cn/woriginal/008wWnj4ly1iahfs6zp8bj30wi0udjy7.jpg,
http://wx2.sinaimg.cn/woriginal/008wWnj4ly1ib34i0f3ubj31lh1fb7ig.jpg,
http://wx2.sinaimg.cn/woriginal/008wWnj4ly1ib6ifn8ptsj32c02c0u0x.jpg,
http://wx2.sinaimg.cn/woriginal/008wWnj4ly1ib6l25idqij32c02c04qq.jpg,
http://wx2.sinaimg.cn/woriginal/008wWnj4ly1ib8ygwcbqaj30l80hg43c.jpg,
http://wx2.sinaimg.cn/woriginal/008wWnj4ly1ibca4xoeylj30wi1yce81.jpg,
http://wx2.sinaimg.cn/woriginal/008wWnj4ly1ibcgh504inj30u01bagtu.jpg,
http://wx2.sinaimg.cn/woriginal/008wWnj4ly1ibcoszc6bbj31uc1ac4hc.jpg,
http://wx2.sinaimg.cn/woriginal/008wWnj4ly1ibdgizlyzrj30m607qwf2.jpg,
http://wx2.sinaimg.cn/woriginal/008wWnj4ly1ibdialvnuqj31sc2dsqt4.jpg,
http://wx2.sinaimg.cn/woriginal/008wWnj4ly1ibdlqidx6dj30wi0jz0wl.jpg,
http://wx2.sinaimg.cn/woriginal/008wWnj4ly1ibj8lbjsv9j31uc1ace82.jpg,
http://wx2.sinaimg.cn/woriginal/008wWnj4ly1ibkshcjbmpj30wi1l7h27.jpg,
http://wx2.sinaimg.cn/woriginal/008wWnj4ly1ibktg33xkrj31yc0wi4qp.jpg,
http://wx2.sinaimg.cn/woriginal/008wWnj4ly1ibltquzswjj313211saom.jpg,
http://wx2.sinaimg.cn/woriginal/008wWnj4ly1ibmv1lp6ckj30wi0nndjo.jpg,
http://wx2.sinaimg.cn/woriginal/008wWnj4ly1ibpwjst7crj30oo21x14v.jpg,
http://wx2.sinaimg.cn/woriginal/008wWnj4ly1ibpwoknxj8j30on0nhta7.jpg,
http://wx2.sinaimg.cn/woriginal/008wWnj4ly1iby707i5qwj329o1akx6p.jpg,
http://wx2.sinaimg.cn/woriginal/008wWnj4ly1ic2xk91eztj30g604o3yv.jpg,
http://wx2.sinaimg.cn/woriginal/008wWnj4ly1icvplpxnjij30j10gfq3p.jpg,
http://wx2.sinaimg.cn/woriginal/008wWnj4ly1icvved0ppqj30wi19ntg2.jpg,
http://wx2.sinaimg.cn/woriginal/008wWnj4ly1icw0b8z0ycj30t108y75b.jpg,
http://wx3.sinaimg.cn/middle/006bdrOZly1ibpwg3eqz8j30ns0dcdge.jpg,
http://wx3.sinaimg.cn/middle/008jgjmdly1i1lqr5u7qfj30u0140qpq.jpg,
http://wx3.sinaimg.cn/middle/bb02f265ly1ibrem9ri7uj20u01hcjto.jpg,
http://wx3.sinaimg.cn/thumb150/008FiyPxgy1i1oi7itvlwj30sb0m0q8b.jpg,
http://wx3.sinaimg.cn/thumbnail/0068GZJSgy1i5tk62j11mj32c03401ky.jpg,
http://wx3.sinaimg.cn/thumbnail/006mEiMGgy1i2zzz1p730j30zt0f7my9.jpg,
http://wx3.sinaimg.cn/thumbnail/006pgdI6gy1ickfog5nx8j32yo1o07s2.jpg,
http://wx3.sinaimg.cn/thumbnail/007eWPO8ly1hv3hgcp59jj30na09uq54.jpg,
http://wx3.sinaimg.cn/thumbnail/008G5Mg5gy1icldjjv0d8j30pw17ewgy.jpg,
http://wx3.sinaimg.cn/thumbnail/008J8AfVgy1ib8n79fr9sj30u0140wkm.jpg,
http://wx3.sinaimg.cn/thumbnail/008sIr7fgy1i0meyzte8oj30wr0oqq5v.jpg,
http://wx3.sinaimg.cn/thumbnail/008sIr7fgy1i36wmnnflgj30vs0pon18.jpg,
http://wx3.sinaimg.cn/thumbnail/008sIr7fgy1i3rhqxtks6j30y60j6n3g.jpg,
http://wx3.sinaimg.cn/thumbnail/008w8muKgy1i0hxxklvj0j30zk0k0afi.jpg,
http://wx3.sinaimg.cn/thumbnail/008w8muKgy1i201rxu7utj312x0lrtbt.jpg,
http://wx3.sinaimg.cn/thumbnail/008w8muKgy1i21yfr82xfj31hc0u0jv1.jpg,
http://wx3.sinaimg.cn/thumbnail/008w8muKgy1i2rkvxkhb6j30rv0qowl4.jpg,
http://wx3.sinaimg.cn/thumbnail/008w8muKgy1i5fni62aitj30fg0mejwr.jpg,
http://wx3.sinaimg.cn/thumbnail/008w8muKgy1iaw9r0vo2tg30hs0gg4qv.gif,
http://wx3.sinaimg.cn/thumbnail/4987ac01gy1iaq4er0xizj22oo0zjaso.jpg,
http://wx3.sinaimg.cn/thumbnail/68f24173gy1i8hvyjqomsj20g00j1jrq.jpg,
http://wx3.sinaimg.cn/thumbnail/77bc519dly1ibij0zvk4lj20p40hlmyo.jpg,
http://wx3.sinaimg.cn/thumbnail/9dd38fb5ly1i22fsst2blj21wc0u0wqv.jpg,
http://wx3.sinaimg.cn/thumbnail/9dd38fb5ly1ian4qwm0x8g20gm0f07wj.gif,
http://wx3.sinaimg.cn/thumbnail/9dd38fb5ly1icmj7hs9djj20hs0vm3zz.jpg,
http://wx3.sinaimg.cn/woriginal/005ZGCDFgy1icwxm3bch0j30jc0tygoj.jpg,
http://wx3.sinaimg.cn/woriginal/008wWnj4gy1ibte273oy5j30wi10578b.jpg,
http://wx3.sinaimg.cn/woriginal/008wWnj4ly1i0cose6fgzj30u00u0gq0.jpg,
http://wx3.sinaimg.cn/woriginal/008wWnj4ly1i0ul6ooqawj329o19p1kz.jpg,
http://wx3.sinaimg.cn/woriginal/008wWnj4ly1i5veors0jpj31yc6bie81.jpg,
http://wx3.sinaimg.cn/woriginal/008wWnj4ly1i6ceyfxt0uj30wi0sejvv.jpg,
http://wx3.sinaimg.cn/woriginal/008wWnj4ly1i73g3qj64ej30wa16mdn5.jpg,
http://wx3.sinaimg.cn/woriginal/008wWnj4ly1i7ge5x2r0sj30oo2p718r.jpg,
http://wx3.sinaimg.cn/woriginal/008wWnj4ly1i7hgwg2s9yj30wi1e911w.jpg,
http://wx3.sinaimg.cn/woriginal/008wWnj4ly1i7k2x0f6l7j30wi0qz40a.jpg,
http://wx3.sinaimg.cn/woriginal/008wWnj4ly1i7pf0vk5juj30p6244kep.jpg,
http://wx3.sinaimg.cn/woriginal/008wWnj4ly1i7pf1z8ducj30ow0a6dhm.jpg,
http://wx3.sinaimg.cn/woriginal/008wWnj4ly1iaw8i1uyc7j30wi1jugxd.jpg,
http://wx3.sinaimg.cn/woriginal/008wWnj4ly1ib34bp67ngj31yc0wi1fj.jpg,
http://wx3.sinaimg.cn/woriginal/008wWnj4ly1ibltozco7ij30t20ey75b.jpg,
http://wx3.sinaimg.cn/woriginal/008wWnj4ly1iblzbhp4ulj31kx4iihdu.jpg,
http://wx3.sinaimg.cn/woriginal/008wWnj4ly1ibm0pqej2wj30wi103n2b.jpg,
http://wx3.sinaimg.cn/woriginal/008wWnj4ly1ibs7qq1ghtj30wi1kxk5i.jpg,
http://wx3.sinaimg.cn/woriginal/008wWnj4ly1ibwenr0tipj30wi09uwgu.jpg,
http://wx3.sinaimg.cn/woriginal/008wWnj4ly1ic2um7zunnj30mi0580t4.jpg,
http://wx3.sinaimg.cn/woriginal/008wWnj4ly1ic79gqys91j30wi0wb79b.jpg,
http://wx3.sinaimg.cn/woriginal/008wWnj4ly1ich1zwg1acj31jk2qtnif.jpg,
http://wx3.sinaimg.cn/woriginal/008wWnj4ly1icl8gthvqcj30wi0ktwfv.jpg,
http://wx3.sinaimg.cn/woriginal/008wWnj4ly1icug3yshj8j30wi09340l.jpg,
http://wx3.sinaimg.cn/woriginal/008wWnj4ly1icvtg0eplkj31a60bi427.jpg,
http://wx3.sinaimg.cn/woriginal/008wWnj4ly1icxxsp5qhaj30wi0lftb8.jpg,
http://wx3.sinaimg.cn/woriginal/008wWnj4ly8i7pmawi33lj335s0gk3zq.jpg,
http://wx4.sinaimg.cn/thumbnail/005vxDPcgy1ia5r796ub7g30dw0dwqv8.gif,
http://wx4.sinaimg.cn/thumbnail/006GkihCgy1i01oslnwn9j30j613j0wy.jpg,
http://wx4.sinaimg.cn/thumbnail/006mEiMGly1i69fg2s5zpj30u011iago.jpg,
http://wx4.sinaimg.cn/thumbnail/006ntVqfgy1i07eke2r4sj31400wjdr5.jpg,
http://wx4.sinaimg.cn/thumbnail/006tQPSNgy1i31xci8aerj31hc0u0dw6.jpg,
http://wx4.sinaimg.cn/thumbnail/006xHNSQgy1i7hx82ih9rj30zh0hmgpl.jpg,
http://wx4.sinaimg.cn/thumbnail/007LjNhCgy1i205tnq7n7j30u00vbaee.jpg,
http://wx4.sinaimg.cn/thumbnail/007c79VIly1i2bmlab0waj30sg0lcadt.jpg,
http://wx4.sinaimg.cn/thumbnail/008ADdAkly1ib816ls0dlj30z00t1mzv.jpg,
http://wx4.sinaimg.cn/thumbnail/008Ab8uqgy1ib46wxy2xcj30k00zk0vh.jpg,
http://wx4.sinaimg.cn/thumbnail/008CJYjvgy1i5tkmlsx8vj318z0u0wiu.jpg,
http://wx4.sinaimg.cn/thumbnail/008aKtnngy1icqfydaqcyj30u00vd0xo.jpg,
http://wx4.sinaimg.cn/thumbnail/008ijGyKly1ichw6mbz7rj30u01hce81.jpg,
http://wx4.sinaimg.cn/thumbnail/008rhLjily1iaox6itcsuj30u00scgrl.jpg,
http://wx4.sinaimg.cn/thumbnail/008sIr7fgy1i2ye1eazroj30u011i44m.jpg,
http://wx4.sinaimg.cn/thumbnail/008w8muKgy1hvkve0395zj31kw1k2423.jpg,
http://wx4.sinaimg.cn/thumbnail/008w8muKgy1i1donsr1olj30u00u04cm.jpg,
http://wx4.sinaimg.cn/thumbnail/008w8muKgy1i2ls4mqpi4j30fk0ro3zi.jpg,
http://wx4.sinaimg.cn/thumbnail/008w8muKgy1ic9k7isjzfj30xc0nitgn.jpg,
http://wx4.sinaimg.cn/thumbnail/008yFSn1ly1i9144p3tlrj30pa19hqj7.jpg,
http://wx4.sinaimg.cn/thumbnail/009WkZaXly1ic0z5hhp5bj34qb0wthdu.jpg,
http://wx4.sinaimg.cn/thumbnail/6f0843b2gy1hzlc8defs0j222l1me7wh.jpg,
http://wx4.sinaimg.cn/thumbnail/6f0843b2ly1i0cwkczu9hj20p90zkakt.jpg,
http://wx4.sinaimg.cn/thumbnail/6f0843b2ly1i4fo08lo1aj20sg59e4qq.jpg,
http://wx4.sinaimg.cn/thumbnail/9dd38fb5ly1i83koohljoj20u01fiqcj.jpg,
http://wx4.sinaimg.cn/woriginal/008wWnj4ly1hy2ggel79wj30u01t0jwf.jpg,
http://wx4.sinaimg.cn/woriginal/008wWnj4ly1hzkw218kfdj30u015jgrx.jpg,
http://wx4.sinaimg.cn/woriginal/008wWnj4ly1i04hu4lke7j30sx0bl7c4.jpg,
http://wx4.sinaimg.cn/woriginal/008wWnj4ly1i06znk9lpwj30tl0v4qdb.jpg,
http://wx4.sinaimg.cn/woriginal/008wWnj4ly1i09817llcqj30lo0bg0uz.jpg,
http://wx4.sinaimg.cn/woriginal/008wWnj4ly1i0coro5gofj30u011d48m.jpg,
http://wx4.sinaimg.cn/woriginal/008wWnj4ly1i0l6o6dcw5j32yo1o0awy.jpg,
http://wx4.sinaimg.cn/woriginal/008wWnj4ly1i0u45pt1cbj30xa187n7m.jpg,
http://wx4.sinaimg.cn/woriginal/008wWnj4ly1i0ulggnpzwj329m19gb2a.jpg,
http://wx4.sinaimg.cn/woriginal/008wWnj4ly1i1bzvzb5vwj30tx1bbhca.jpg,
http://wx4.sinaimg.cn/woriginal/008wWnj4ly1i6ka6mrkwkj30wi0ovq8z.jpg,
http://wx4.sinaimg.cn/woriginal/008wWnj4ly1i7mk67eku1j30wi0i4jxf.jpg,
http://wx4.sinaimg.cn/woriginal/008wWnj4ly1i80ekkhz0hj30wi09omy9.jpg,
http://wx4.sinaimg.cn/woriginal/008wWnj4ly1iakgmvtevfj30p204udg8.jpg,
http://wx4.sinaimg.cn/woriginal/008wWnj4ly1iazvfbjf6hj311w0egwir.jpg,
http://wx4.sinaimg.cn/woriginal/008wWnj4ly1ib32qxkl8mj31yc0winpd.jpg,
http://wx4.sinaimg.cn/woriginal/008wWnj4ly1ib6jcxctjzj32c02c0hdu.jpg,
http://wx4.sinaimg.cn/woriginal/008wWnj4ly1ib8ulnpibnj30p20u0gnr.jpg,
http://wx4.sinaimg.cn/woriginal/008wWnj4ly1ibci0bo9ebj32c02c07wi.jpg,
http://wx4.sinaimg.cn/woriginal/008wWnj4ly1ibcov6hiofj31uc1actsy.jpg,
http://wx4.sinaimg.cn/woriginal/008wWnj4ly1ibdlkk9ktdj30sw08omxp.jpg,
http://wx4.sinaimg.cn/woriginal/008wWnj4ly1ibekutgor8j323i353x6q.jpg,
http://wx4.sinaimg.cn/woriginal/008wWnj4ly1ibn49pj8rnj30hm07xab4.jpg,
http://wx4.sinaimg.cn/woriginal/008wWnj4ly1ibralapbwbj30wi0hkgnv.jpg,
http://wx4.sinaimg.cn/woriginal/008wWnj4ly1ibzphk959pj31yc0wi7wh.jpg,
http://wx4.sinaimg.cn/woriginal/008wWnj4ly1ic2yo4sciij30kk05ydie.jpg,
http://wx4.sinaimg.cn/woriginal/008wWnj4ly1ic57cwu5mkj31520p6acb.jpg,
http://wx4.sinaimg.cn/woriginal/008wWnj4ly1icbazuthlmj31fs0lajuz.jpg,
http://wx4.sinaimg.cn/woriginal/008wWnj4ly1ick0tm813pj30wi0zkdq6.jpg,
http://wx4.sinaimg.cn/woriginal/008wWnj4ly1icmle7hurwj30xd0m2ac6.jpg,
http://wx4.sinaimg.cn/woriginal/008wWnj4ly1icmuy7mt13j31to17aav1.jpg,
http://wx4.sinaimg.cn/woriginal/008wWnj4ly1ictzvi80j9j30wi0gs40l.jpg,
http://wx4.sinaimg.cn/woriginal/008wWnj4ly1icuf53m67ij30wi0azgnb.jpg,
http://wx4.sinaimg.cn/woriginal/aa328fd4gy1hzbzmko1zqj21400u0456.jpg,
https://conchfairy.sinajs.cn/chat/img/card_default.db1db0bb.gif,
https://h5.sinaimg.cn/upload/100/721/2019/03/14/vote.png,
https://i0.hdslb.com/bfs/community-share/0845639661bbb9ab8a07dd747fc7d0c1a90e7572.jpg,
https://i0.hdslb.com/bfs/community-share/6db3373a9bd2936aa488b00ee37b0691b908697d.jpg,
https://i0.hdslb.com/bfs/community-share/baa2cf295c72a2ee0759361e2612112fc9f3eb7b.jpg,
https://i2.hdslb.com/bfs/archive/e8f28db0ddf50ec9d6aff1a172ba459a366c4f29.jpg,
https://simg.s.weibo.com/zhisou/sharecard_image_1.png,
https://tvax1.sinaimg.cn/crop.0.0.1080.1080.180/005F0Zholy8icxceajei6j30u00u0djb.jpg?KID=imgbed,tva&Expires=1778582459&ssig=qjAVcBrB3h,
https://tvax1.sinaimg.cn/crop.0.0.1080.1080.180/0089fNnYly8gif541tjhwj30u00u0aco.jpg?KID=imgbed,tva&Expires=1778582783&ssig=rKf31eCuu0,
https://tvax1.sinaimg.cn/crop.0.0.1080.1080.180/0089fNnYly8gif541tjhwj30u00u0aco.jpg?KID=imgbed,tva&Expires=1778582788&ssig=2E54rdQeas,
https://tvax1.sinaimg.cn/crop.0.0.1080.1080.180/008sIr7fly8hl4ouq7ligj30u00u076h.jpg?KID=imgbed,tva&Expires=1778582667&ssig=DKdjnmx2cf,
https://tvax1.sinaimg.cn/crop.0.0.1080.1080.180/008sIr7fly8hl4ouq7ligj30u00u076h.jpg?KID=imgbed,tva&Expires=1778582687&ssig=qbGEAykF6%2F,
https://tvax1.sinaimg.cn/crop.0.0.1080.1080.180/008sIr7fly8hl4ouq7ligj30u00u076h.jpg?KID=imgbed,tva&Expires=1778582690&ssig=FmgTFRqJvR,
https://tvax1.sinaimg.cn/crop.0.0.1080.1080.180/008sIr7fly8hl4ouq7ligj30u00u076h.jpg?KID=imgbed,tva&Expires=1778582702&ssig=XF8wNLezyL,
https://tvax1.sinaimg.cn/crop.0.0.1080.1080.180/008sIr7fly8hl4ouq7ligj30u00u076h.jpg?KID=imgbed,tva&Expires=1778582717&ssig=JYKNUBWN%2FE,
https://tvax1.sinaimg.cn/crop.0.0.1080.1080.180/008sIr7fly8hl4ouq7ligj30u00u076h.jpg?KID=imgbed,tva&Expires=1778582779&ssig=8CFpfOCgU9,
https://tvax1.sinaimg.cn/crop.0.0.1080.1080.180/7b9654c7ly8hcegh5b2ucj20u00u0wf8.jpg?KID=imgbed,tva&Expires=1778582768&ssig=Zy%2BOKoy0AQ,
https://tvax1.sinaimg.cn/crop.0.0.474.474.180/008G5Mg5ly8ibsgbv93zjj30d60d6weq.jpg?KID=imgbed,tva&Expires=1778582448&ssig=Ic0U2CtQPM,
https://tvax1.sinaimg.cn/crop.0.0.474.474.180/008G5Mg5ly8ibsgbv93zjj30d60d6weq.jpg?KID=imgbed,tva&Expires=1778582496&ssig=95lTP%2FK%2FVc,
https://tvax1.sinaimg.cn/crop.0.0.474.474.180/008G5Mg5ly8ibsgbv93zjj30d60d6weq.jpg?KID=imgbed,tva&Expires=1778582508&ssig=11uYMWniwA,
https://tvax1.sinaimg.cn/crop.0.0.474.474.180/008G5Mg5ly8ibsgbv93zjj30d60d6weq.jpg?KID=imgbed,tva&Expires=1778582509&ssig=R5LU45zHzk,
https://tvax1.sinaimg.cn/crop.0.0.474.474.180/008G5Mg5ly8ibsgbv93zjj30d60d6weq.jpg?KID=imgbed,tva&Expires=1778582517&ssig=Wd9eIspl0s,
https://tvax1.sinaimg.cn/crop.0.0.474.474.180/008G5Mg5ly8ibsgbv93zjj30d60d6weq.jpg?KID=imgbed,tva&Expires=1778582519&ssig=Hhi5%2FFdfj2,
https://tvax1.sinaimg.cn/crop.0.0.474.474.180/008G5Mg5ly8ibsgbv93zjj30d60d6weq.jpg?KID=imgbed,tva&Expires=1778582535&ssig=W%2FBwHgncgp,
https://tvax1.sinaimg.cn/crop.0.0.474.474.180/008G5Mg5ly8ibsgbv93zjj30d60d6weq.jpg?KID=imgbed,tva&Expires=1778582606&ssig=sZBhURDyFF,
https://tvax1.sinaimg.cn/crop.0.0.768.768.180/008nc7DCly8ia11rc3mfqj30lc0lct9t.jpg?KID=imgbed,tva&Expires=1778582590&ssig=OCJr6Bkj23,
https://tvax1.sinaimg.cn/crop.0.0.960.960.180/007NqgBnly8h11kcgnq1vj30qo0qo40y.jpg?KID=imgbed,tva&Expires=1778582846&ssig=HqEoWb5U0L,
https://tvax2.sinaimg.cn/crop.0.0.1080.1080.180/001TnUG6ly8i8ye1dayfwj60u00u0wfc02.jpg?KID=imgbed,tva&Expires=1778582517&ssig=Ni8GuQEudw,
https://tvax2.sinaimg.cn/crop.0.0.1080.1080.180/00670jMUly8gt1nwu9iurj30u00u0q4f.jpg?KID=imgbed,tva&Expires=1778582503&ssig=txcwl8PYx%2F,
https://tvax2.sinaimg.cn/crop.0.0.1080.1080.180/006nc58xly8i76aufnepzj30u00u00up.jpg?KID=imgbed,tva&Expires=1778582657&ssig=Mvi8BAqLHc,
https://tvax2.sinaimg.cn/crop.0.0.1080.1080.180/007LjNhCly8hgs6ss9p57j30u00u0dfs.jpg?KID=imgbed,tva&Expires=1778582768&ssig=MeBfbVyaFU,
https://tvax2.sinaimg.cn/crop.0.0.1080.1080.180/007LjNhCly8hgs6ss9p57j30u00u0dfs.jpg?KID=imgbed,tva&Expires=1778582779&ssig=pqzDXGFKt2,
https://tvax2.sinaimg.cn/crop.0.0.1080.1080.180/007LjNhCly8hgs6ss9p57j30u00u0dfs.jpg?KID=imgbed,tva&Expires=1778582792&ssig=CKrWvFLNVm,
https://tvax2.sinaimg.cn/crop.0.0.1080.1080.180/0083Ue2Lly8iceacyy2c3j30u00u0wgw.jpg?KID=imgbed,tva&Expires=1778582561&ssig=ODNLO%2BU0T8,
https://tvax2.sinaimg.cn/crop.0.0.1080.1080.180/008DPCbily8ibwvylq8aqj30u00u00uh.jpg?KID=imgbed,tva&Expires=1778582670&ssig=uJvhUBiJU8,
https://tvax2.sinaimg.cn/crop.0.0.1080.1080.180/008qrxyxly8ic5shie2t4j30u00u0whs.jpg?KID=imgbed,tva&Expires=1778582600&ssig=nV3F0VTmL8,
https://tvax2.sinaimg.cn/crop.0.0.1080.1080.180/008qrxyxly8ic5shie2t4j30u00u0whs.jpg?KID=imgbed,tva&Expires=1778582696&ssig=%2BK8hTIyiQM,
https://tvax2.sinaimg.cn/crop.0.0.1080.1080.180/7a09aed9ly8hk1o08n6fcj20u00u00vl.jpg?KID=imgbed,tva&Expires=1778582606&ssig=q7uc8%2F5Wkb,
https://tvax2.sinaimg.cn/crop.0.0.1080.1080.180/7e959905ly8hzfs9op6esj20u00u0n03.jpg?KID=imgbed,tva&Expires=1778582752&ssig=xAXsV%2FMj1o,
https://tvax2.sinaimg.cn/crop.0.0.1080.1080.180/8a814e5fly8i57mk6vcjlj20u00u040g.jpg?KID=imgbed,tva&Expires=1778582719&ssig=SMwScvG9%2B1,
https://tvax2.sinaimg.cn/crop.0.0.1080.1080.180/c0bf2afbly8hvu2ugw2oqj20u00u0myi.jpg?KID=imgbed,tva&Expires=1778582605&ssig=Oy0WaTROuW,
https://tvax2.sinaimg.cn/crop.0.0.393.393.180/006pQTe9ly8hdnrqsm5iwj30ax0axjrk.jpg?KID=imgbed,tva&Expires=1778582777&ssig=HR7nfo%2F5nM,
https://tvax2.sinaimg.cn/crop.0.0.480.480.180/006QjcL0gy1hwu92605fuj30dc0dct94.jpg?KID=imgbed,tva&Expires=1778582685&ssig=oiNnFymq2J,
https://tvax2.sinaimg.cn/crop.0.0.480.480.180/006QjcL0gy1hwu92605fuj30dc0dct94.jpg?KID=imgbed,tva&Expires=1778582727&ssig=03N2uQQf4h,
https://tvax2.sinaimg.cn/crop.0.0.480.480.180/006QjcL0gy1hwu92605fuj30dc0dct94.jpg?KID=imgbed,tva&Expires=1778582752&ssig=1qMDnNA5Wg,
https://tvax2.sinaimg.cn/crop.0.0.564.564.180/008audW7ly8icnom9n6enj30fo0fo74n.jpg?KID=imgbed,tva&Expires=1778582851&ssig=kGpiXZtxjy,
https://tvax2.sinaimg.cn/crop.0.0.926.926.180/006LPZ5zly8ibpvs4edcyj30pq0pq3zy.jpg?KID=imgbed,tva&Expires=1778582717&ssig=o7ebeGimcS,
https://tvax3.sinaimg.cn/crop.0.0.1080.1080.180/005Koob5ly8ia4p6to449j30u00u0ag7.jpg?KID=imgbed,tva&Expires=1778582590&ssig=MpldZKkh2B,
https://tvax3.sinaimg.cn/crop.0.0.1080.1080.180/006IVhCuly8ib7h20dsi0j30u00u0q4i.jpg?KID=imgbed,tva&Expires=1778582550&ssig=7t5reZiHBM,
https://tvax3.sinaimg.cn/crop.0.0.1080.1080.180/006t5F2Bly8i3x88j5rfij30u00u00tc.jpg?KID=imgbed,tva&Expires=1778582597&ssig=u6sRlpQa8u,
https://tvax3.sinaimg.cn/crop.0.0.1080.1080.180/007Skashly8ibmgjuhaqcj30u00u0tb3.jpg?KID=imgbed,tva&Expires=1778582731&ssig=pLGRBZz2xf,
https://tvax3.sinaimg.cn/crop.0.0.1080.1080.180/007ZplmDly8ia5i9fl5gjj30u00u0n0x.jpg?KID=imgbed,tva&Expires=1778582667&ssig=HJoWKqJ7yV,
https://tvax3.sinaimg.cn/crop.0.0.1080.1080.180/007rvdhHly8ibsxnuc2kmj30u00u042d.jpg?KID=imgbed,tva&Expires=1778582690&ssig=HlSg3V1NbF,
https://tvax3.sinaimg.cn/crop.0.0.1080.1080.180/008FV9o1ly8i4yyu4x0g0j30u00u0gp4.jpg?KID=imgbed,tva&Expires=1778582670&ssig=mpOcMeYsW6,
https://tvax3.sinaimg.cn/crop.0.0.1080.1080.180/6f0843b2ly8i79x4l0q85j20u00u0go5.jpg?KID=imgbed,tva&Expires=1778582696&ssig=Ah2z%2Fjy4Hl,
https://tvax3.sinaimg.cn/crop.0.0.1080.1080.180/6f0843b2ly8i79x4l0q85j20u00u0go5.jpg?KID=imgbed,tva&Expires=1778582777&ssig=qqaDHBSB3Z,
https://tvax3.sinaimg.cn/crop.0.0.1080.1080.180/6f0843b2ly8i79x4l0q85j20u00u0go5.jpg?KID=imgbed,tva&Expires=1778582846&ssig=%2BgiPTB566t,
https://tvax3.sinaimg.cn/crop.0.0.1080.1080.180/b02cf0e0ly8iabjplg73gj20u00u0wgd.jpg?KID=imgbed,tva&Expires=1778582590&ssig=f8ZXy3u708,
https://tvax3.sinaimg.cn/crop.0.0.400.400.180/005vhJLPly8haiwm7o7qbj30b40b4jrg.jpg?KID=imgbed,tva&Expires=1778582785&ssig=iLMsL2pgD7,
https://tvax3.sinaimg.cn/crop.0.0.683.683.180/008CZk6vly8i86rstmhe7j30iz0izwfe.jpg?KID=imgbed,tva&Expires=1778582598&ssig=9RUbx6w2nI,
https://tvax3.sinaimg.cn/crop.0.0.720.720.180/008D6Seygy1i5fnwcnq6qj30k00k074l.jpg?KID=imgbed,tva&Expires=1778582595&ssig=86Zw5gAzC%2F,
https://tvax3.sinaimg.cn/crop.0.0.720.720.180/008D6Seygy1i5fnwcnq6qj30k00k074l.jpg?KID=imgbed,tva&Expires=1778582608&ssig=yCvA%2BJKIZN,
https://tvax3.sinaimg.cn/crop.0.0.720.720.180/008D6Seygy1i5fnwcnq6qj30k00k074l.jpg?KID=imgbed,tva&Expires=1778582766&ssig=sMBw17HW6y,
https://tvax3.sinaimg.cn/crop.0.0.720.720.180/008D6Seygy1i5fnwcnq6qj30k00k074l.jpg?KID=imgbed,tva&Expires=1778582779&ssig=HFqpArTmhT,
https://tvax3.sinaimg.cn/crop.0.0.748.748.180/006JIKcPly8id22gnj9rgj30ks0kst9z.jpg?KID=imgbed,tva&Expires=1778582708&ssig=lUXXYLt8tw,
https://tvax3.sinaimg.cn/crop.0.0.828.828.180/008w8muKly8h9hb84bw6nj30n00n0jsg.jpg?KID=imgbed,tva&Expires=1778582466&ssig=fYb7z9Ca%2Fo,
https://tvax3.sinaimg.cn/crop.0.0.828.828.180/008w8muKly8h9hb84bw6nj30n00n0jsg.jpg?KID=imgbed,tva&Expires=1778582517&ssig=wSqnCou89N,
https://tvax3.sinaimg.cn/crop.0.0.828.828.180/008w8muKly8h9hb84bw6nj30n00n0jsg.jpg?KID=imgbed,tva&Expires=1778582594&ssig=VczQGM5Sgx,
https://tvax3.sinaimg.cn/crop.0.0.828.828.180/008w8muKly8h9hb84bw6nj30n00n0jsg.jpg?KID=imgbed,tva&Expires=1778582606&ssig=j%2BkTeVdqJx,
https://tvax3.sinaimg.cn/crop.0.0.828.828.180/008w8muKly8h9hb84bw6nj30n00n0jsg.jpg?KID=imgbed,tva&Expires=1778582692&ssig=YTBA0PFdsB,
https://tvax3.sinaimg.cn/crop.0.0.828.828.180/008w8muKly8h9hb84bw6nj30n00n0jsg.jpg?KID=imgbed,tva&Expires=1778582708&ssig=4H6LHqw%2BrT,
https://tvax3.sinaimg.cn/crop.0.0.828.828.180/008w8muKly8h9hb84bw6nj30n00n0jsg.jpg?KID=imgbed,tva&Expires=1778582732&ssig=JXmApW29GB,
https://tvax3.sinaimg.cn/crop.0.0.828.828.180/008w8muKly8h9hb84bw6nj30n00n0jsg.jpg?KID=imgbed,tva&Expires=1778582734&ssig=w%2FiCFZinYI,
https://tvax3.sinaimg.cn/crop.0.0.828.828.180/008w8muKly8h9hb84bw6nj30n00n0jsg.jpg?KID=imgbed,tva&Expires=1778582775&ssig=bCMGv%2BdZOo,
https://tvax3.sinaimg.cn/crop.8.5.503.503.180/006mEiMGly8gqkq2ascw3j30e80e50ss.jpg?KID=imgbed,tva&Expires=1778582595&ssig=LBS5eZvj9O,
https://tvax3.sinaimg.cn/crop.8.5.503.503.180/006mEiMGly8gqkq2ascw3j30e80e50ss.jpg?KID=imgbed,tva&Expires=1778582669&ssig=Ajf0pjSddG,
https://tvax3.sinaimg.cn/crop.8.5.503.503.180/006mEiMGly8gqkq2ascw3j30e80e50ss.jpg?KID=imgbed,tva&Expires=1778582698&ssig=J%2B1pRiFhyU,
https://tvax3.sinaimg.cn/crop.8.5.503.503.180/006mEiMGly8gqkq2ascw3j30e80e50ss.jpg?KID=imgbed,tva&Expires=1778582706&ssig=2z5AzNiaER,
https://tvax3.sinaimg.cn/crop.8.5.503.503.180/006mEiMGly8gqkq2ascw3j30e80e50ss.jpg?KID=imgbed,tva&Expires=1778582722&ssig=SCb1soEXhE,
https://tvax3.sinaimg.cn/crop.8.5.503.503.180/006mEiMGly8gqkq2ascw3j30e80e50ss.jpg?KID=imgbed,tva&Expires=1778582777&ssig=vV4VguKaeP,
https://tvax3.sinaimg.cn/crop.8.5.503.503.180/006mEiMGly8gqkq2ascw3j30e80e50ss.jpg?KID=imgbed,tva&Expires=1778582783&ssig=pVCIB1iG06,
https://tvax3.sinaimg.cn/crop.8.5.503.503.180/006mEiMGly8gqkq2ascw3j30e80e50ss.jpg?KID=imgbed,tva&Expires=1778582855&ssig=6tWAdo%2BQv4,
https://tvax4.sinaimg.cn/crop.0.0.1080.1080.180/008F9NKUly8i7n5yneylhj30u00u0jvb.jpg?KID=imgbed,tva&Expires=1778582752&ssig=abCMpThyIQ,
https://tvax4.sinaimg.cn/crop.0.0.1080.1080.180/008j6AYzly8hobantfm8bj30u00u0wjg.jpg?KID=imgbed,tva&Expires=1778582638&ssig=qM9ctQ8Gf9,
https://tvax4.sinaimg.cn/crop.0.0.1080.1080.180/008uLkQqly8ibddv3nk5lj30u00u0gnn.jpg?KID=imgbed,tva&Expires=1778582552&ssig=byAd2ULRdP,
https://tvax4.sinaimg.cn/crop.0.0.1080.1080.180/008wWnj4ly8ibr4ljpjymj30u00u0n2x.jpg?KID=imgbed,tva&Expires=1778582516&ssig=FEJqVdD2mw,
https://tvax4.sinaimg.cn/crop.0.0.1080.1080.180/7453a909ly8ibsk9rc211j20u00u0gmq.jpg?KID=imgbed,tva&Expires=1778582567&ssig=N8%2F9ZO3jaf,
https://tvax4.sinaimg.cn/crop.0.0.500.500.180/006KAKrqly8g5kagc937tj30dw0dwwen.jpg?KID=imgbed,tva&Expires=1778582673&ssig=pSnCmqDvxb,
https://tvax4.sinaimg.cn/crop.0.0.512.512.180/008c4hXnly8gmafrhywrij30e80e874i.jpg?KID=imgbed,tva&Expires=1778582756&ssig=yR9Npotd9h,
https://tvax4.sinaimg.cn/crop.0.0.812.812.180/007ZLf6zly8h232hj0szkj30mk0mk77h.jpg?KID=imgbed,tva&Expires=1778582598&ssig=AV1ME1970X,
https://tvax4.sinaimg.cn/crop.0.0.812.812.180/007ZLf6zly8h232hj0szkj30mk0mk77h.jpg?KID=imgbed,tva&Expires=1778582670&ssig=RXlRdZjZa6,
https://tvax4.sinaimg.cn/crop.0.0.812.812.180/007ZLf6zly8h232hj0szkj30mk0mk77h.jpg?KID=imgbed,tva&Expires=1778582738&ssig=GqyclZfhrg,
https://tvax4.sinaimg.cn/crop.0.0.812.812.180/007ZLf6zly8h232hj0szkj30mk0mk77h.jpg?KID=imgbed,tva&Expires=1778582742&ssig=oqLp2hgoDK,
https://tvax4.sinaimg.cn/crop.0.0.812.812.180/007ZLf6zly8h232hj0szkj30mk0mk77h.jpg?KID=imgbed,tva&Expires=1778582781&ssig=mElnjR7xsM,
https://tvax4.sinaimg.cn/crop.10.15.157.157.180/0068GZJSly8h8vlb2gse2j3050050jr6.jpg?KID=imgbed,tva&Expires=1778582692&ssig=rLB7YJ6KHV,
https://tvax4.sinaimg.cn/crop.10.15.157.157.180/0068GZJSly8h8vlb2gse2j3050050jr6.jpg?KID=imgbed,tva&Expires=1778582756&ssig=%2FF%2BvfGoy5L,
https://tvax4.sinaimg.cn/crop.130.216.383.383.180/8101c2cbly8frfsezghwej20j60j675w.jpg?KID=imgbed,tva&Expires=1778582580&ssig=nh%2BFRhEMbx,
https://wx1.sinaimg.cn/large/001TnUG6ly1icwlz8fwfrj60k00zkq7c02.jpg,
https://wx1.sinaimg.cn/large/0020LHhfly1icx1n0nsofj60u016fqj802.jpg,
https://wx1.sinaimg.cn/large/0020LHhfly1icx1nviaprj60u01sznfi02.jpg,
https://wx1.sinaimg.cn/large/005AMyG8gy1icuq101c7wj30qe4kzb29.jpg,
https://wx1.sinaimg.cn/large/005IH8CNgy1ictn0zk4lmj32c0340kjl.jpg,
https://wx1.sinaimg.cn/large/005KUU1vgy1i5mnka1xa7j30rs1cr13n.jpg,
https://wx1.sinaimg.cn/large/005KUU1vgy1i5mnka3eu8j30rs1crk2g.jpg,
https://wx1.sinaimg.cn/large/005KUU1vgy1i5mnkcb7jcj30rs1crwpb.jpg,
https://wx1.sinaimg.cn/large/005KdKkTgy1hw1567e33qg30a0071kjt.gif,
https://wx1.sinaimg.cn/large/005KdKkTgy1hw1567ver9g30be080x6x.gif,
https://wx1.sinaimg.cn/large/005KdKkTgy1hw1568ner4g30c008gx6w.gif,
https://wx1.sinaimg.cn/large/005KdKkTgy1hw7jtf37ubg30bq071u11.gif,
https://wx1.sinaimg.cn/large/005KdKkTgy1hw7jthsym4g30dc07ihdv.gif,
https://wx1.sinaimg.cn/large/005KdKkTgy1hw7jtq0nu9g308q09ehdu.gif,
https://wx1.sinaimg.cn/large/005KdKkTgy1hw7jtshlpfg30cg06z4qq.gif,
https://wx1.sinaimg.cn/large/005KdKkTgy1hw7ju0hqu6g30ec0a3b2f.gif,
https://wx1.sinaimg.cn/large/005KdKkTgy1hw7p4pxw7ug30ek0824qq.gif,
https://wx1.sinaimg.cn/large/005KdKkTgy1hwx34wio9dg30al07jqvd.gif,
https://wx1.sinaimg.cn/large/005KdKkTgy1hwx34wq9wog30a7079kjt.gif,
https://wx1.sinaimg.cn/large/005KdKkTgy1hy5kg2a1c7j30u01gqade.jpg,
https://wx1.sinaimg.cn/large/005KdKkTgy1hylqo9dhrrj311x37ix5v.jpg,
https://wx1.sinaimg.cn/large/005KdKkTgy1i0jxup2l33g30i90dqhe1.gif,
https://wx1.sinaimg.cn/large/005Q2lGJgy1i6f736t8avj32pg1wwe81.jpg,
https://wx1.sinaimg.cn/large/005T06oZly1hy6nj5tnduj30u00tw0vs.jpg,
https://wx1.sinaimg.cn/large/005T06oZly1hy6nj71dzlj30xc0xc78l.jpg,
https://wx1.sinaimg.cn/large/005T06oZly1hy8xadfzh5j31400tladh.jpg,
https://wx1.sinaimg.cn/large/005T06oZly1i4slvxdetjj30tz0feabt.jpg,
https://wx1.sinaimg.cn/large/005XuxSMly1icvl2sjffqj33917b6b2i.jpg,
https://wx1.sinaimg.cn/large/005XuxSMly1icvl30hldnj33911tt7wm.jpg,
https://wx1.sinaimg.cn/large/005XuxSMly1icvl3ej93jj33911ttqv7.jpg,
https://wx1.sinaimg.cn/large/005XuxSMly1icvl4cozvdj33917b6kjt.jpg,
https://wx1.sinaimg.cn/large/005XuxSMly1icvl4ngk0uj32vb66pnpl.jpg,
https://wx1.sinaimg.cn/large/005XuxSMly1icvl59fz8qj32vb66pnpm.jpg,
https://wx1.sinaimg.cn/large/005vhJLPgy1hziry7rvt0j316o1kw45x.jpg,
https://wx1.sinaimg.cn/large/005vxDPcgy1hydcoavbisj30ku1i2adi.jpg,
https://wx1.sinaimg.cn/large/005zX6D1gy1hxx9h0df1oj31z4140b29.jpg,
https://wx1.sinaimg.cn/large/0061KDWxgy1hxfw6vgkcmj316g1kkjyq.jpg,
https://wx1.sinaimg.cn/large/006CbDswly8ibhfnhgu3vj30pa10dgo0.jpg,
https://wx1.sinaimg.cn/large/006FsAT1gy1ibqe4d8h68j32nn1rsqv6.jpg,
https://wx1.sinaimg.cn/large/006FsAT1gy1ibqe4fosocj32la1q7b2a.jpg,
https://wx1.sinaimg.cn/large/006Kn1mIgy1icto2dnptmj34eo2pvqvc.jpg,
https://wx1.sinaimg.cn/large/006Kn1mIgy1icto3c5wl4j34e72xpb2g.jpg,
https://wx1.sinaimg.cn/large/006NwJMdgy1i8d0fwp4z3j30u00ktwhb.jpg,
https://wx1.sinaimg.cn/large/006NwJMdgy1i8d0fx04irj30iv0cgtal.jpg,
https://wx1.sinaimg.cn/large/006NwJMdgy1i8d0fxmuxzj30u00i3gn3.jpg,
https://wx1.sinaimg.cn/large/006NwJMdgy1i8d0fzn9kej30u00m1dik.jpg,
https://wx1.sinaimg.cn/large/006NwJMdgy1i8d0g2ks7pj30u00sc772.jpg,
https://wx1.sinaimg.cn/large/006NwJMdgy1i8d0g3734mj30u00lcwha.jpg,
https://wx1.sinaimg.cn/large/006QjcL0gy1hzm03lwi6ij30u011i0vy.jpg,
https://wx1.sinaimg.cn/large/006RmWpigy1ibeyu93pwjj30u01cxq74.jpg,
https://wx1.sinaimg.cn/large/006XAp5Kly1icwsw3bdijj30u01tyn38.jpg,
https://wx1.sinaimg.cn/large/006mEiMGly1hwbeavf7upj31ej1kwk6d.jpg,
https://wx1.sinaimg.cn/large/006mEiMGly1i2g54qks18j30yv0e9jta.jpg,
https://wx1.sinaimg.cn/large/006nChWply1iakxlxd56nj32r84wfb2d.jpg,
https://wx1.sinaimg.cn/large/006nChWply1iakxm7l5caj32p04sh7wk.jpg,
https://wx1.sinaimg.cn/large/006nChWply1iakxmn3mjfj33625mt1l2.jpg,
https://wx1.sinaimg.cn/large/006oxxLdly1ictop6ambsj32c31k2b29.jpg,
https://wx1.sinaimg.cn/large/006oxxLdly1ictp9ke3q3j31bw1zuhcz.jpg,
https://wx1.sinaimg.cn/large/006pQTe9gy1hxftm6wqt7j30zo0qbn06.jpg,
https://wx1.sinaimg.cn/large/006pQTe9gy1hxqdqtf1oej30k40jmwh5.jpg,
https://wx1.sinaimg.cn/large/006rUZZfly1ictq5g5hwnj31jj28nu0x.jpg,
https://wx1.sinaimg.cn/large/006rUZZfly1ictq5hiqrpj31jk2bckdj.jpg,
https://wx1.sinaimg.cn/large/006rUZZfly1ictq5itnwhj30qo0k0di2.jpg,
https://wx1.sinaimg.cn/large/006xCBXugy1icwx6we3t1j30hg0u00we.jpg,
https://wx1.sinaimg.cn/large/006xCBXugy1icwx71gp53j30dw0u0gnk.jpg,
https://wx1.sinaimg.cn/large/006yrtSNly1id0np9su0ej30z00s0jvs.jpg,
https://wx1.sinaimg.cn/large/006yrtSNly1id0npa7o30j30z00s0af3.jpg,
https://wx1.sinaimg.cn/large/006yrtSNly1id0ob0al51j316o1kw7wh.jpg,
https://wx1.sinaimg.cn/large/0072j384gy1icuk4ox441j310k1a4k26.jpg,
https://wx1.sinaimg.cn/large/0072j384gy1icuk62mrbxj30rs23g4cz.jpg,
https://wx1.sinaimg.cn/large/0072j384gy1icuk650cavj30r51kjqcc.jpg,
https://wx1.sinaimg.cn/large/0074VaHDgy1hywu8mkv7ej30u00u0wjb.jpg,
https://wx1.sinaimg.cn/large/0074VaHDgy1hywu8pmmlgj30u00u0add.jpg,
https://wx1.sinaimg.cn/large/0074VaHDgy1hywu8s86qnj30la0laq4p.jpg,
https://wx1.sinaimg.cn/large/0074VaHDgy1hywu8wj6otj30u00u0gmw.jpg,
https://wx1.sinaimg.cn/large/00751n5egy1hwxd4zosmmj335s23uhdt.jpg,
https://wx1.sinaimg.cn/large/00751n5egy1hwxd7swon8j323v35snpd.jpg,
https://wx1.sinaimg.cn/large/00754myjgy1icunkr4y4rj315c1j4wpw.jpg,
https://wx1.sinaimg.cn/large/00754myjgy1icvw2f096bj33c03c0awx.jpg,
https://wx1.sinaimg.cn/large/00754myjgy1icvw2fw202j33c03c0x3l.jpg,
https://wx1.sinaimg.cn/large/00754myjgy1icvw2hluo6j33c03c0nko.jpg,
https://wx1.sinaimg.cn/large/00754myjgy1icvw2ilda6j33c03c0tyn.jpg,
https://wx1.sinaimg.cn/large/00754myjgy1icwxaf1z9kj31fx35f7rl.jpg,
https://wx1.sinaimg.cn/large/00754myjgy1icx0lgx3ljj30yu3oh7k4.jpg,
https://wx1.sinaimg.cn/large/00754myjgy1icx0mlr2y4j31hc0u0dqp.jpg,
https://wx1.sinaimg.cn/large/00792LBbly1icux06pb5kj30wr0wjn19.jpg,
https://wx1.sinaimg.cn/large/007EEaVCgy1icw94ocprlj30u01uojzo.jpg,
https://wx1.sinaimg.cn/large/007EUOOCly1icvv8hiueyj310o0ppgrf.jpg,
https://wx1.sinaimg.cn/large/007EUOOCly1icvv8ssnbzj31jk2bbkjl.jpg,
https://wx1.sinaimg.cn/large/007EUOOCly1icvv8turtjj31jk2bb7wh.jpg,
https://wx1.sinaimg.cn/large/007SqUbCgy1hyupnecwe0j30w90w9n14.jpg,
https://wx1.sinaimg.cn/large/007Z1QHTgy1ictxyib0t0j33342234qr.jpg,
https://wx1.sinaimg.cn/large/007Z1QHTgy1ictxyp634qj3334223kjm.jpg,
https://wx1.sinaimg.cn/large/007ZLf6zgy1hwjo0b70ldj30ah06x40g.jpg,
https://wx1.sinaimg.cn/large/007ZLf6zgy1hynwfl6a5zj34av2v97ws.jpg,
https://wx1.sinaimg.cn/large/007ZLf6zgy1hzj2b3npy5j31gs0yqtvd.jpg,
https://wx1.sinaimg.cn/large/007ZLf6zgy1hzurv8yu0cj30pp0h3jrg.jpg,
https://wx1.sinaimg.cn/large/007ZLf6zgy1i89euihm9dj30xi0army2.jpg,
https://wx1.sinaimg.cn/large/007a5zVOly1ibpfe3ppcbj316y16y433.jpg,
https://wx1.sinaimg.cn/large/007aQ2zuly1icvmhcfengj30v91vonmr.jpg,
https://wx1.sinaimg.cn/large/007c9UvFly1icw4nihtsaj31hc0u0n8e.jpg,
https://wx1.sinaimg.cn/large/007dTDP7gy1icvl9nx8h4j30wr0z5441.jpg,
https://wx1.sinaimg.cn/large/007ehtjkly1icwwk7gm66j30qo0qon02.jpg,
https://wx1.sinaimg.cn/large/007gLGJIly1icyaml2spvj30u0140ash.jpg,
https://wx1.sinaimg.cn/large/007gLGJIly1icyamo7sn9j31jk2bbb29.jpg,
https://wx1.sinaimg.cn/large/007wlOVpgy1i7oxqv0ft2j30t40qo0wd.jpg,
https://wx1.sinaimg.cn/large/007wlOVpgy1i7oxqvzv3bj30z20qo0y7.jpg,
https://wx1.sinaimg.cn/large/007wlOVpgy1i7oxqy2l2cj30si0qo76w.jpg,
https://wx1.sinaimg.cn/large/0082bkAWgy1ictuf3labdj347s6bku1b.jpg,
https://wx1.sinaimg.cn/large/0082bkAWly1icvn035ci9j33lm5ebu15.jpg,
https://wx1.sinaimg.cn/large/0082bkAWly1icvn17hq87j33lm5eb4qy.jpg,
https://wx1.sinaimg.cn/large/0082bkAWly1icvn1qn8kpj33lm5ebe8c.jpg,
https://wx1.sinaimg.cn/large/008475LKly1ibjo4dix4xj334022oe5k.jpg,
https://wx1.sinaimg.cn/large/008475LKly1ibjo4hong3j31900u0gth.jpg,
https://wx1.sinaimg.cn/large/008475LKly1ibjo4id6xrj33si2j0e81.jpg,
https://wx1.sinaimg.cn/large/0086AxJuly1icvs5bgkk4j30u01nmwna.jpg,
https://wx1.sinaimg.cn/large/0086AxJuly1icvs5bubtgj30pe1gi0yz.jpg,
https://wx1.sinaimg.cn/large/0087eEeUly1icwwtbfhg9j31fx35f7rl.jpg,
https://wx1.sinaimg.cn/large/0087eEeUly1icwwtswrw3j30r517v0vv.jpg,
https://wx1.sinaimg.cn/large/008ACtuigy1ictslphnpwj33l52e4u0y.jpg,
https://wx1.sinaimg.cn/large/008ADdAkgy1icx2xac5b4j30u01uowij.jpg,
https://wx1.sinaimg.cn/large/008D6Seygy1i0l5zjk2xtj31kw11y4dl.jpg,
https://wx1.sinaimg.cn/large/008D6Seygy1i1layakbimj30g60g6wgu.jpg,
https://wx1.sinaimg.cn/large/008D6Seygy1i1layayhb7j30se0sead9.jpg,
https://wx1.sinaimg.cn/large/008D6Seygy1i4nw0r690ej30u00iadja.jpg,
https://wx1.sinaimg.cn/large/008ElfIIgy1iciw0aqemyj30hx0uiwgb.jpg,
https://wx1.sinaimg.cn/large/008ElfIIgy1iciw5pfd8qj30j40u0q5r.jpg,
https://wx1.sinaimg.cn/large/008ElfIIgy1iciw6x3qvaj30j40u0415.jpg,
https://wx1.sinaimg.cn/large/008ElfIIgy1icjd3xdk7nj30gw0u0juz.jpg,
https://wx1.sinaimg.cn/large/008ElfIIgy1icxta4wjstj30zu081t90.jpg,
https://wx1.sinaimg.cn/large/008G5Mg5gy1ictmy26p79j30dn0c60tg.jpg,
https://wx1.sinaimg.cn/large/008GRKaygy1icy6e4bfmhj30fe0fegnk.jpg,
https://wx1.sinaimg.cn/large/008GRKaygy1icy6i8ildoj31fd1fdk57.jpg,
https://wx1.sinaimg.cn/large/008IbghKgy1icwmxry8j8j30xi147791.jpg,
https://wx1.sinaimg.cn/large/008JScMnly1icw8wlt7ijj30qo0qogn8.jpg,
https://wx1.sinaimg.cn/large/008KcyyYgy1ibqjdpm8u9j31ak1xt4qp.jpg,
https://wx1.sinaimg.cn/large/008KcyyYgy1ibqjdrq0lkj31bk1zc1iy.jpg,
https://wx1.sinaimg.cn/large/008XXFIngy1icv6tuntkuj32m83xcqv6.jpg,
https://wx1.sinaimg.cn/large/008XXFIngy1icv6ty1winj32m83xcx6q.jpg,
https://wx1.sinaimg.cn/large/008a581ily1icyanvrg4xj33344mokk1.jpg,
https://wx1.sinaimg.cn/large/008amFFygy1icxtj4d914j30u01hcn50.jpg,
https://wx1.sinaimg.cn/large/008amFFygy1icy5ytk3bzj30u06ylb2a.jpg,
https://wx1.sinaimg.cn/large/008audW7gy1hn5pqw9qooj30wi3hex6g.jpg,
https://wx1.sinaimg.cn/large/008audW7gy1hn5pqxt4dyj30hq0rdtaz.jpg,
https://wx1.sinaimg.cn/large/008eGzyTly1i8ob0vs40fj31bh1kwtfj.jpg,
https://wx1.sinaimg.cn/large/008fUz77gy1ictvavse5bj33t65pqnpk.jpg,
https://wx1.sinaimg.cn/large/008fUz77gy1ictvbrose2j32x94dwe86.jpg,
https://wx1.sinaimg.cn/large/008fUz77gy1ictvbyiwgxj32pe422b2c.jpg,
https://wx1.sinaimg.cn/large/008fUz77gy1ictvceh7xgj34836c5u12.jpg,
https://wx1.sinaimg.cn/large/008fUz77gy1ictvch0r35j345m68gb2d.jpg,
https://wx1.sinaimg.cn/large/008fUz77ly1ib7yrvbu7zj33334mnx6w.jpg,
https://wx1.sinaimg.cn/large/008fUz77ly1ib7yse9f60j31xy2wyhdu.jpg,
https://wx1.sinaimg.cn/large/008jSAcHgy1icwxolp24kj30go10g0y9.jpg,
https://wx1.sinaimg.cn/large/008lCb95gy1ictpsp19vej30k00u0jtf.jpg,
https://wx1.sinaimg.cn/large/008ltuikgy1gz59lazt7bj31bo1zkhdt.jpg,
https://wx1.sinaimg.cn/large/008ltuikgy1gz59lbqkuuj31bm1zktz1.jpg,
https://wx1.sinaimg.cn/large/008ltuikgy1gz59lezb2yj31f41zk4qq.jpg,
https://wx1.sinaimg.cn/large/008ltuikgy1i22e4ihgn9j31sc2dsx6p.jpg,
https://wx1.sinaimg.cn/large/008ltuikgy1icui9k9w7yj33wj2lpnpl.jpg,
https://wx1.sinaimg.cn/large/008ltuikgy1icui9o3tkfj335s23wu0y.jpg,
https://wx1.sinaimg.cn/large/008ltuikgy1icuia11g8nj344o66wu0y.jpg,
https://wx1.sinaimg.cn/large/008ltuikgy1icuiaw4w1ej323j35aqvb.jpg,
https://wx1.sinaimg.cn/large/008ltuikgy1icuicscwhlj32733al7wn.jpg,
https://wx1.sinaimg.cn/large/008ltuikgy1icuicwfs8gj31h627sqv7.jpg,
https://wx1.sinaimg.cn/large/008ltuikgy1icuid79gb8j33wn2lre86.jpg,
https://wx1.sinaimg.cn/large/008ltuikly1i0appqi8pnj32km3uwhdz.jpg,
https://wx1.sinaimg.cn/large/008ltuikly1i0apqc44anj32c03407wk.jpg,
https://wx1.sinaimg.cn/large/008ltuikly1ibdld7oexwj335s2dckjm.jpg,
https://wx1.sinaimg.cn/large/008ltuikly1iccavb9r5gj323u35s4qq.jpg,
https://wx1.sinaimg.cn/large/008ltuikly1icmvfdbye5j31hc1z4am8.jpg,
https://wx1.sinaimg.cn/large/008ltuikly1icozyuzek5j344j66p1l6.jpg,
https://wx1.sinaimg.cn/large/008ltuikly1icp010w8kaj345d67y4r0.jpg,
https://wx1.sinaimg.cn/large/008ltuikly1icp023cdakj33sp5oyu18.jpg,
https://wx1.sinaimg.cn/large/008ltuikly1icp02mmfacj344u675kjv.jpg,
https://wx1.sinaimg.cn/large/008ltuikly1icuv1u32n3j3334224kjm.jpg,
https://wx1.sinaimg.cn/large/008ltuikly1icuv1v9p0ej3223334qv6.jpg,
https://wx1.sinaimg.cn/large/008ltuikly1icuv1wd0ibj33342234qq.jpg,
https://wx1.sinaimg.cn/large/008ltuikly1icuv1ygieuj31qf2lmnpd.jpg,
https://wx1.sinaimg.cn/large/008ltuikly1icuv20pj6dj3334224b2a.jpg,
https://wx1.sinaimg.cn/large/008ltuikly1iczlaxkb4dj328f4gye84.jpg,
https://wx1.sinaimg.cn/large/008ltuikly1iczlb8ovmbj323w35skjm.jpg,
https://wx1.sinaimg.cn/large/008ltuikly1iczlbbr053j335s47sb2c.jpg,
https://wx1.sinaimg.cn/large/008ltuikly1iczlbeppgdj323w35shdt.jpg,
https://wx1.sinaimg.cn/large/008ltuikly1iczlbmdr25j32x63w8qv6.jpg,
https://wx1.sinaimg.cn/large/008p2wVTly1iberwo70otj30ii0ii0vl.jpg,
https://wx1.sinaimg.cn/large/008p2wVTly1iberwokzjuj30sg0sgq99.jpg,
https://wx1.sinaimg.cn/large/008p2wVTly1iberwwj64jj31jkb161kz.jpg,
https://wx1.sinaimg.cn/large/008p2wVTly1iberznfxgij30sg0sg0z9.jpg,
https://wx1.sinaimg.cn/large/008p2wVTly1iberzntu4kj30sg0sgdm5.jpg,
https://wx1.sinaimg.cn/large/008qmBnrgy1icvie86mzhj30yu3ohnhe.jpg,
https://wx1.sinaimg.cn/large/008sIr7fgy1hx9xosmgdgj32sb1l6e81.jpg,
https://wx1.sinaimg.cn/large/008sIr7fgy1hx9xoz66nvj33401xsu0x.jpg,
https://wx1.sinaimg.cn/large/008sIr7fgy1hxa4pgucmej32og1sgnpd.jpg,
https://wx1.sinaimg.cn/large/008sIr7fgy1hxa4pztzb8j32og1sgnpd.jpg,
https://wx1.sinaimg.cn/large/008sIr7fgy1hymnis2dc6j30wr1hkgww.jpg,
https://wx1.sinaimg.cn/large/008sIr7fgy1hymnmbrzanj30wr1ck12r.jpg,
https://wx1.sinaimg.cn/large/008sIr7fgy1hymnmnr5bhj30wi0h2gos.jpg,
https://wx1.sinaimg.cn/large/008sIr7fgy1hynx712nt8j30qo0zkdr9.jpg,
https://wx1.sinaimg.cn/large/008sIr7fgy1hynx71ngpnj30k10zkqc8.jpg,
https://wx1.sinaimg.cn/large/008sIr7fgy1hysj477hg6j30wl11c13c.jpg,
https://wx1.sinaimg.cn/large/008sIr7fgy1hyuuto8vsaj31hn288e81.jpg,
https://wx1.sinaimg.cn/large/008sIr7fgy1hyuutp2t64j31gt2akb29.jpg,
https://wx1.sinaimg.cn/large/008sIr7fgy1i2vir1pycxj30u00vddi6.jpg,
https://wx1.sinaimg.cn/large/008txr6ngy1ictwqd8lihj30xi1hmdq7.jpg,
https://wx1.sinaimg.cn/large/008txr6ngy1ictx15rsbqj30xi18ogrw.jpg,
https://wx1.sinaimg.cn/large/008txr6ngy1ictx19eyduj32f63s1axy.jpg,
https://wx1.sinaimg.cn/large/008u5Tilly1hzd2uc3c6bj31t01o0qv5.jpg,
https://wx1.sinaimg.cn/large/008w8muKgy1hop6dg3ts2j30s10fojs6.jpg,
https://wx1.sinaimg.cn/large/008w8muKgy1hv35xuxrfxj30go0p0acq.jpg,
https://wx1.sinaimg.cn/large/008w8muKgy1hv35xv9jnrj30sw12o783.jpg,
https://wx1.sinaimg.cn/large/008w8muKgy1hv8h8g19f4j30ru0fo0ux.jpg,
https://wx1.sinaimg.cn/large/008w8muKgy1hw1r06o1p2j30jz0k7mz9.jpg,
https://wx1.sinaimg.cn/large/008w8muKgy1hw1r07v123j314012q77q.jpg,
https://wx1.sinaimg.cn/large/008w8muKgy1hw59pszrebj30s40fo74z.jpg,
https://wx1.sinaimg.cn/large/008w8muKgy1hw5g0mzlblj30tz0fqabt.jpg,
https://wx1.sinaimg.cn/large/008w8muKgy1hw5g6w5yavj30ru0fogno.jpg,
https://wx1.sinaimg.cn/large/008w8muKgy1hw8747tn9fj30u01iudqt.jpg,
https://wx1.sinaimg.cn/large/008w8muKgy1hweqtrr7hlj30wi0k1wgl.jpg,
https://wx1.sinaimg.cn/large/008w8muKgy1hx9lcjuzisj30ry0kq75j.jpg,
https://wx1.sinaimg.cn/large/008w8muKgy1hx9xl3vizlj31kw1a648c.jpg,
https://wx1.sinaimg.cn/large/008w8muKgy1hya1pngv9rj30u00on40d.jpg,
https://wx1.sinaimg.cn/large/008w8muKgy1hynmjzvsjsj30iw0cmgmq.jpg,
https://wx1.sinaimg.cn/large/008w8muKgy1hyreuqlevmj31521kwdyf.jpg,
https://wx1.sinaimg.cn/large/008w8muKgy1hyreut4h5gj31kw1cldzg.jpg,
https://wx1.sinaimg.cn/large/008w8muKgy1hys2x7vag3j31j3113te4.jpg,
https://wx1.sinaimg.cn/large/008w8muKgy1hyusx4bvn6j31kw11ye3o.jpg,
https://wx1.sinaimg.cn/large/008w8muKgy1hyut8q4m7dj311y1kwq8u.jpg,
https://wx1.sinaimg.cn/large/008w8muKgy1hyut98iiy4j311y1kwq8j.jpg,
https://wx1.sinaimg.cn/large/008w8muKgy1hyut9af7u6j311y1kwte3.jpg,
https://wx1.sinaimg.cn/large/008w8muKgy1hzavja32p6j30u011vwmo.jpg,
https://wx1.sinaimg.cn/large/008w8muKgy1hze20u3rcjj30rs0rswgm.jpg,
https://wx1.sinaimg.cn/large/008w8muKgy1hzk2wggf0cj30ic0mxae9.jpg,
https://wx1.sinaimg.cn/large/008w8muKgy1hzk2wgv5qvj30ic0mx41k.jpg,
https://wx1.sinaimg.cn/large/008w8muKgy1i0k1rdscl8j30rs0rstaf.jpg,
https://wx1.sinaimg.cn/large/008w8muKgy1i1bn7cvj0cj30st0eq7eb.jpg,
https://wx1.sinaimg.cn/large/008w8muKgy1i1llyumu9ej30tx11etca.jpg,
https://wx1.sinaimg.cn/large/008w8muKgy1i1pfdg5r14j30zu0z1wm0.jpg,
https://wx1.sinaimg.cn/large/008w8muKgy1i1vepcn6lij30ui0h3jtw.jpg,
https://wx1.sinaimg.cn/large/008w8muKgy1i1vexfzekuj30mg0h1ahb.jpg,
https://wx1.sinaimg.cn/large/008w8muKgy1i22kbfefguj316v0spjtv.jpg,
https://wx1.sinaimg.cn/large/008w8muKgy1i22kbjqm20j317d0szq5h.jpg,
https://wx1.sinaimg.cn/large/008w8muKgy1i3cuftz1arj30u01fhgqy.jpg,
https://wx1.sinaimg.cn/large/008w8muKgy1i59fkjwvvyj30rr0d2jt7.jpg,
https://wx1.sinaimg.cn/large/008w8muKgy1i6apfpw22bj30lu04t3zs.jpg,
https://wx1.sinaimg.cn/large/008w8muKgy1i6apimewchj30u00yvwkx.jpg,
https://wx1.sinaimg.cn/large/008w8muKgy1i83t7shur1j311y1kwn3s.jpg,
https://wx1.sinaimg.cn/large/008w8muKgy1i863zbqj0pj30zu0opdka.jpg,
https://wx1.sinaimg.cn/large/008w8muKgy1ib4fx5k39oj30qo0xcgr3.jpg,
https://wx1.sinaimg.cn/large/008w8muKgy1ibc5fak1elj30u010pn43.jpg,
https://wx1.sinaimg.cn/large/008w8muKgy1ibc5fb3pn6j316o1kwwql.jpg,
https://wx1.sinaimg.cn/large/008w8muKgy1ibc5fck20gj31kw16odru.jpg,
https://wx1.sinaimg.cn/large/008w8muKgy1ibdauoc6bpj30u011idly.jpg,
https://wx1.sinaimg.cn/large/008w8muKly1horl57fobcj30p00rse2b.jpg,
https://wx1.sinaimg.cn/large/008w8muKly1hwct78457rj30m80imtaa.jpg,
https://wx1.sinaimg.cn/large/008w8muKly1hwnnld8gadj30rs1dd772.jpg,
https://wx1.sinaimg.cn/large/008w8muKly1hy0v0jzteoj30mg0iign4.jpg,
https://wx1.sinaimg.cn/large/008w8muKly1hyhyfoiw1lj30s40foach.jpg,
https://wx1.sinaimg.cn/large/008wWnj4gy1i81eiytecqj30u305wt95.jpg,
https://wx1.sinaimg.cn/large/008wWnj4gy1i81o2ls8y6j319i1kwn6c.jpg,
https://wx1.sinaimg.cn/large/008wWnj4gy1i81o2ndn9pj319i1kw46x.jpg,
https://wx1.sinaimg.cn/large/008wWnj4gy1i81o2qd3puj319i1kwqd8.jpg,
https://wx1.sinaimg.cn/large/008wWnj4gy1i81o2r1yvzj319i1kwall.jpg,
https://wx1.sinaimg.cn/large/008wWnj4gy1i81o2rr655j319i1kwqbj.jpg,
https://wx1.sinaimg.cn/large/008wWnj4gy1i81o2tzg15j319i1kwnax.jpg,
https://wx1.sinaimg.cn/large/008wWnj4gy1i81o2wj8tkj31kw1kw4fg.jpg,
https://wx1.sinaimg.cn/large/008wWnj4gy1i82e1k83i1j30u8cmu4qu.jpg,
https://wx1.sinaimg.cn/large/008wWnj4gy1i82er8jmeej30wi1cr0wu.jpg,
https://wx1.sinaimg.cn/large/008wWnj4gy1i82erebak5j31yc0wix6j.jpg,
https://wx1.sinaimg.cn/large/008wWnj4gy1i82ese595bj30wi2ri1kx.jpg,
https://wx1.sinaimg.cn/large/008wWnj4gy1i82ewwh7drj30wi759b2a.jpg,
https://wx1.sinaimg.cn/large/008wWnj4gy1i82f0c8qgej30wi1crh23.jpg,
https://wx1.sinaimg.cn/large/008wWnj4gy1i82f0cmd3ij30wi1cr0y1.jpg,
https://wx1.sinaimg.cn/large/008wWnj4gy1i82f0dfis8j30wi1crq5r.jpg,
https://wx1.sinaimg.cn/large/008wWnj4gy1i82hupko2hj318w1kwaxq.jpg,
https://wx1.sinaimg.cn/large/008wWnj4gy1i82seawhbwj30wi1btdnl.jpg,
https://wx1.sinaimg.cn/large/008wWnj4gy1i8d3em3ckwj30wi14kwsc.jpg,
https://wx1.sinaimg.cn/large/008wWnj4gy1i8my2s5a8sj30wi1vfkfk.jpg,
https://wx1.sinaimg.cn/large/008wWnj4gy1i8p6nsh5l7j30wi08x757.jpg,
https://wx1.sinaimg.cn/large/008wWnj4gy1ibhegl0w16j30wi0mhwie.jpg,
https://wx1.sinaimg.cn/large/008wWnj4gy1ibhegljmr2j30em0kyjw6.jpg,
https://wx1.sinaimg.cn/large/008wWnj4ly1hvj8n9z6hej30u01t079m.jpg,
https://wx1.sinaimg.cn/large/008wWnj4ly1hvlrtzd5mdj30u028j46a.jpg,
https://wx1.sinaimg.cn/large/008wWnj4ly1hvlxqs5yz8j30yycmt7wl.jpg,
https://wx1.sinaimg.cn/large/008wWnj4ly1hvp16vb4hrj30u01t0114.jpg,
https://wx1.sinaimg.cn/large/008wWnj4ly1hvp9irwb9jj31t00u0wmf.jpg,
https://wx1.sinaimg.cn/large/008wWnj4ly1hwekxz8gbnj318g18gtf3.jpg,
https://wx1.sinaimg.cn/large/008wWnj4ly1hwekxzrd6zj30ij0ii415.jpg,
https://wx1.sinaimg.cn/large/008wWnj4ly1hxiegppioxj30ru15s0v9.jpg,
https://wx1.sinaimg.cn/large/008wWnj4ly1hy1yd9uwktj31t00u0wrw.jpg,
https://wx1.sinaimg.cn/large/008wWnj4ly1hy7obn64qjj31400u07dq.jpg,
https://wx1.sinaimg.cn/large/008wWnj4ly1hy8bcnkqnxj30u01an0xr.jpg,
https://wx1.sinaimg.cn/large/008wWnj4ly1hybtao2rv0j30ka0nrwhg.jpg,
https://wx1.sinaimg.cn/large/008wWnj4ly1hyjfi59ujzj31t00u0afg.jpg,
https://wx1.sinaimg.cn/large/008wWnj4ly1hyjyblrar2j30u040ce81.jpg,
https://wx1.sinaimg.cn/large/008wWnj4ly1hz068rgwehj30u01qptlz.jpg,
https://wx1.sinaimg.cn/large/008wWnj4ly1hz46iyoz6wj30u01t0nda.jpg,
https://wx1.sinaimg.cn/large/008wWnj4ly1hz46ptb3v1j30u01t0k29.jpg,
https://wx1.sinaimg.cn/large/008wWnj4ly1hz9lc5o43bj31kw11x7c6.jpg,
https://wx1.sinaimg.cn/large/008wWnj4ly1hz9ldrcr3pj30u01t07hy.jpg,
https://wx1.sinaimg.cn/large/008wWnj4ly1hza104tz2ij30lc0e840i.jpg,
https://wx1.sinaimg.cn/large/008wWnj4ly1hzaz2mmvtej30ta0vxago.jpg,
https://wx1.sinaimg.cn/large/008wWnj4ly1hzaz2n5kypj30tz13qwqb.jpg,
https://wx1.sinaimg.cn/large/008wWnj4ly1hzcby3d4jlj30u01t0wuq.jpg,
https://wx1.sinaimg.cn/large/008wWnj4ly1hzdgr8eeebj31t00u046s.jpg,
https://wx1.sinaimg.cn/large/008wWnj4ly1hzj4lnc1rdj30xc0lqadw.jpg,
https://wx1.sinaimg.cn/large/008wWnj4ly1hzj4lny4hwj30xc0ooaec.jpg,
https://wx1.sinaimg.cn/large/008wWnj4ly1hzk29rv2quj30u01qfn9k.jpg,
https://wx1.sinaimg.cn/large/008wWnj4ly1hztldgwn0oj31400u07hk.jpg,
https://wx1.sinaimg.cn/large/008wWnj4ly1i03rtewjkqj30ty07jdiq.jpg,
https://wx1.sinaimg.cn/large/008wWnj4ly1i03zlbx2mvj31t00u0thw.jpg,
https://wx1.sinaimg.cn/large/008wWnj4ly1i042hg4116j31t00u0nea.jpg,
https://wx1.sinaimg.cn/large/008wWnj4ly1i042hgv0l9j31t00u0dv1.jpg,
https://wx1.sinaimg.cn/large/008wWnj4ly1i07qbxbxi8j30tq1enx54.jpg,
https://wx1.sinaimg.cn/large/008wWnj4ly1i08c1vdwo6j31t00u0ae3.jpg,
https://wx1.sinaimg.cn/large/008wWnj4ly1i0e7xzes3zj30u00gwjy7.jpg,
https://wx1.sinaimg.cn/large/008wWnj4ly1i0i7lazgeuj30ti0apwh6.jpg,
https://wx1.sinaimg.cn/large/008wWnj4ly1i0ldq96hhdj30ku0mr7a4.jpg,
https://wx1.sinaimg.cn/large/008wWnj4ly1i0ldsxi6s1j30vb0a3777.jpg,
https://wx1.sinaimg.cn/large/008wWnj4ly1i0mj9abbarj30u01t0tj1.jpg,
https://wx1.sinaimg.cn/large/008wWnj4ly1i0n0nlgz59g30l70jqb2h.gif,
https://wx1.sinaimg.cn/large/008wWnj4ly1i0qf1yk7roj30u01t077n.jpg,
https://wx1.sinaimg.cn/large/008wWnj4ly1i0sq670vnaj30ew0eejvb.jpg,
https://wx1.sinaimg.cn/large/008wWnj4ly1i0wwwnbdelj30qp063gnd.jpg,
https://wx1.sinaimg.cn/large/008wWnj4ly1i0y5oi3uk6j30ou0bgq79.jpg,
https://wx1.sinaimg.cn/large/008wWnj4ly1i14de6bmmbj30fn0ob0um.jpg,
https://wx1.sinaimg.cn/large/008wWnj4ly1i1an397mzxj30go02oq33.jpg,
https://wx1.sinaimg.cn/large/008wWnj4ly1i1d6vva1f3j316o1kwaf1.jpg,
https://wx1.sinaimg.cn/large/008wWnj4ly1i1eiklji6cj30u018x0ze.jpg,
https://wx1.sinaimg.cn/large/008wWnj4ly1i1r13tbvztj31t00u0dpz.jpg,
https://wx1.sinaimg.cn/large/008wWnj4ly1i1r1ck47utj31t02i04qr.jpg,
https://wx1.sinaimg.cn/large/008wWnj4ly1i1r1cqnqhoj31t05u07wn.jpg,
https://wx1.sinaimg.cn/large/008wWnj4ly1i1zsrdnmx5j31km13atzo.jpg,
https://wx1.sinaimg.cn/large/008wWnj4ly1i26v9bzo2kj327818ib2a.jpg,
https://wx1.sinaimg.cn/large/008wWnj4ly1i296gwrrqog30cx0cwhdx.gif,
https://wx1.sinaimg.cn/large/008wWnj4ly1i2bhkjbfwwj30ta062t9o.jpg,
https://wx1.sinaimg.cn/large/008wWnj4ly1i2mb85jezgj30sd0aa3yy.jpg,
https://wx1.sinaimg.cn/large/008wWnj4ly1i2oy7ycp1wj30qx0mh47r.jpg,
https://wx1.sinaimg.cn/large/008wWnj4ly1i4fyug1xbrj30tt0wxgxu.jpg,
https://wx1.sinaimg.cn/large/008wWnj4ly1i4p6ib1fodj30s80i244r.jpg,
https://wx1.sinaimg.cn/large/008wWnj4ly1i52zqannu7j30os05ot9x.jpg,
https://wx1.sinaimg.cn/large/008wWnj4ly1i55omhccu7j30tl1acwy5.jpg,
https://wx1.sinaimg.cn/large/008wWnj4ly1i5gq7eio4nj30wi04e0tc.jpg,
https://wx1.sinaimg.cn/large/008wWnj4ly1i65w4d7rssj30si0gfjwr.jpg,
https://wx1.sinaimg.cn/large/008wWnj4ly1i664g6qggej30l10500t0.jpg,
https://wx1.sinaimg.cn/large/008wWnj4ly1i67vw1g79bj30wi0z37fk.jpg,
https://wx1.sinaimg.cn/large/008wWnj4ly1i6az4720ozj30wi07rgmu.jpg,
https://wx1.sinaimg.cn/large/008wWnj4ly1i6kaf5j8fkj30l00k0dhf.jpg,
https://wx1.sinaimg.cn/large/008wWnj4ly1i6kbjl8ogij31hc0u0q91.jpg,
https://wx1.sinaimg.cn/large/008wWnj4ly1i6kd7zrmv8j30u01hc7a5.jpg,
https://wx1.sinaimg.cn/large/008wWnj4ly1i6ke6y9lndj30u0114q8j.jpg,
https://wx1.sinaimg.cn/large/008wWnj4ly1i6ke8909kzj30u00u0jw2.jpg,
https://wx1.sinaimg.cn/large/008wWnj4ly1i6sjudyfo8j30wi0yjae9.jpg,
https://wx1.sinaimg.cn/large/008wWnj4ly1i6uqemd3fhj30wi1ych4r.jpg,
https://wx1.sinaimg.cn/large/008wWnj4ly1i714xulmqwj30wi07xab1.jpg,
https://wx1.sinaimg.cn/large/008wWnj4ly1i7aj5l8ko2j30wi1ad0xg.jpg,
https://wx1.sinaimg.cn/large/008wWnj4ly1i7f2rfru2qj30wi131n32.jpg,
https://wx1.sinaimg.cn/large/008wWnj4ly1i7j607rj24j30wi0cz0uc.jpg,
https://wx1.sinaimg.cn/large/008wWnj4ly1i7xwuwoalnj30rv0rvdoj.jpg,
https://wx1.sinaimg.cn/large/008wWnj4ly1i7xwvoz0rbj30wi1yctyx.jpg,
https://wx1.sinaimg.cn/large/008wWnj4ly1i7yzg156pxj30wi1yckjg.jpg,
https://wx1.sinaimg.cn/large/008wWnj4ly1i7zchj2pc0j30wi0skdog.jpg,
https://wx1.sinaimg.cn/large/008wWnj4ly1i7zumz264mj30wi1cr4e0.jpg,
https://wx1.sinaimg.cn/large/008wWnj4ly1i801st7v7wj30wi19rn1q.jpg,
https://wx1.sinaimg.cn/large/008wWnj4ly1i801vk3uepj30wi1g0qgp.jpg,
https://wx1.sinaimg.cn/large/008wWnj4ly1i801vnu2ldj30tm18gtnb.jpg,
https://wx1.sinaimg.cn/large/008wWnj4ly1i802jj4dd0j30wi1crne5.jpg,
https://wx1.sinaimg.cn/large/008wWnj4ly1i8040yc6q5j31k92djx6p.jpg,
https://wx1.sinaimg.cn/large/008wWnj4ly1i80413pc0oj31j32bi4qp.jpg,
https://wx1.sinaimg.cn/large/008wWnj4ly1i8058d9u3dj31yc0wi7v6.jpg,
https://wx1.sinaimg.cn/large/008wWnj4ly1i8058hxd49j31yc0wi1kx.jpg,
https://wx1.sinaimg.cn/large/008wWnj4ly1i805iypji0j31yc0wi1kx.jpg,
https://wx1.sinaimg.cn/large/008wWnj4ly1i807lac4bmj31yc0wi1kx.jpg,
https://wx1.sinaimg.cn/large/008wWnj4ly1i807lbm0osj31yc0wi1kx.jpg,
https://wx1.sinaimg.cn/large/008wWnj4ly1i807lgnmraj31yc0wi4qp.jpg,
https://wx1.sinaimg.cn/large/008wWnj4ly1i807lhz8u4j31yc0wi1kx.jpg,
https://wx1.sinaimg.cn/large/008wWnj4ly1i808hwptu6j30wi0n979q.jpg,
https://wx1.sinaimg.cn/large/008wWnj4ly1i80cz0pc2mj30wi0p2q6u.jpg,
https://wx1.sinaimg.cn/large/008wWnj4ly1i80m7feum4j30wi0ltwho.jpg,
https://wx1.sinaimg.cn/large/008wWnj4ly1i815camvwij32c02c0hd8.jpg,
https://wx1.sinaimg.cn/large/008wWnj4ly1i8166hpfemj31kw1kwh3m.jpg,
https://wx1.sinaimg.cn/large/008wWnj4ly1i8166iahapj319i1kwk3z.jpg,
https://wx1.sinaimg.cn/large/008wWnj4ly1i8166j7pxbj319i1kwtl4.jpg,
https://wx1.sinaimg.cn/large/008wWnj4ly1i8166lyrltj31kw1kwap3.jpg,
https://wx1.sinaimg.cn/large/008wWnj4ly1i8166mnnacj31kx1kxwsy.jpg,
https://wx1.sinaimg.cn/large/008wWnj4ly1i818nm4es3j31ny2fj1kx.jpg,
https://wx1.sinaimg.cn/large/008wWnj4ly1i818nn4icfj31o036f7wh.jpg,
https://wx1.sinaimg.cn/large/008wWnj4ly1i83sgx3dyxj30rs0bk760.jpg,
https://wx1.sinaimg.cn/large/008wWnj4ly1i85xueseh8j31bd0xzag3.jpg,
https://wx1.sinaimg.cn/large/008wWnj4ly1i86w7opxc5j310i1kwk8n.jpg,
https://wx1.sinaimg.cn/large/008wWnj4ly1i8vmditzw8j30wi0bfjtx.jpg,
https://wx1.sinaimg.cn/large/008wWnj4ly1i8yphqv3e0j30zk0jswfi.jpg,
https://wx1.sinaimg.cn/large/008wWnj4ly1ia9c0jg0zej314g1oq12a.jpg,
https://wx1.sinaimg.cn/large/008wWnj4ly1iaxi3zbdb6j30wi1fane4.jpg,
https://wx1.sinaimg.cn/large/008wWnj4ly1ib2tmfsalaj31yc0wib29.jpg,
https://wx1.sinaimg.cn/large/008wWnj4ly1ib5tdppqn3j30wi1tmh56.jpg,
https://wx1.sinaimg.cn/large/008wWnj4ly1ib7mnoy7t8j33c03c0qv6.jpg,
https://wx1.sinaimg.cn/large/008wWnj4ly1ib824loxqpj30wi1tows0.jpg,
https://wx1.sinaimg.cn/large/008wWnj4ly1ibb82iqthmj31hc140kbe.jpg,
https://wx1.sinaimg.cn/large/008wWnj4ly1ibb9ssbgwdj31hc140ndd.jpg,
https://wx1.sinaimg.cn/large/008wWnj4ly1ibbzgy0kd3j31hc140jx4.jpg,
https://wx1.sinaimg.cn/large/008wWnj4ly1ibbzh0eerxj31hc140ndd.jpg,
https://wx1.sinaimg.cn/large/008wWnj4ly1ibc2tsfnhjj30wi0njteq.jpg,
https://wx1.sinaimg.cn/large/008wWnj4ly1ibc2vjnnkij30wi09r75j.jpg,
https://wx1.sinaimg.cn/large/008wWnj4ly1ibd80qzlkmj313z1haqq9.jpg,
https://wx1.sinaimg.cn/large/008wWnj4ly1ibdiby6u58j31sc2dskjl.jpg,
https://wx1.sinaimg.cn/large/008wWnj4ly1ibdic095twj31sc2dskjl.jpg,
https://wx1.sinaimg.cn/large/008wWnj4ly1ibdic1jh03j31sc2dsnpd.jpg,
https://wx1.sinaimg.cn/large/008wWnj4ly1ibdic5e0f7j31sc2ds4qp.jpg,
https://wx1.sinaimg.cn/large/008wWnj4ly1ibdy4cyy2yj31hc0u0aje.jpg,
https://wx1.sinaimg.cn/large/008wWnj4ly1ibdy4kiaxhj31hc0u013h.jpg,
https://wx1.sinaimg.cn/large/008wWnj4ly1ibdy51ilduj30u00u043v.jpg,
https://wx1.sinaimg.cn/large/008wWnj4ly1ibejoshnufj31b20wy76l.jpg,
https://wx1.sinaimg.cn/large/008wWnj4ly1ibeype9d9ej31yc0wib29.jpg,
https://wx1.sinaimg.cn/large/008wWnj4ly1ibf1wp5wrhj30wi0c30v5.jpg,
https://wx1.sinaimg.cn/large/008wWnj4ly1ibfu2pfjknj3175148akc.jpg,
https://wx1.sinaimg.cn/large/008wWnj4ly1ibfu2psn0pj30u016gq9u.jpg,
https://wx1.sinaimg.cn/large/008wWnj4ly1ibfu4vc7qjj30wp13ih0u.jpg,
https://wx1.sinaimg.cn/large/008wWnj4ly1ibfu4vsraqj30u00p0agk.jpg,
https://wx1.sinaimg.cn/large/008wWnj4ly1ibfu55vwd4j311b0u0te4.jpg,
https://wx1.sinaimg.cn/large/008wWnj4ly1ibfu5ryv7oj31i413le81.jpg,
https://wx1.sinaimg.cn/large/008wWnj4ly1ibfu7xd4ljj32431wgn59.jpg,
https://wx1.sinaimg.cn/large/008wWnj4ly1ibfvi1hs02j30ny0so7dg.jpg,
https://wx1.sinaimg.cn/large/008wWnj4ly1ibfvi3iw0ej31g726a4qp.jpg,
https://wx1.sinaimg.cn/large/008wWnj4ly1ibfvo0yq8mj31hc0u0drj.jpg,
https://wx1.sinaimg.cn/large/008wWnj4ly1ibfvrth4n1j31400u046y.jpg,
https://wx1.sinaimg.cn/large/008wWnj4ly1ibfzgzwkx7j31z2198dvu.jpg,
https://wx1.sinaimg.cn/large/008wWnj4ly1ibgu2gd9kfj30u0140al0.jpg,
https://wx1.sinaimg.cn/large/008wWnj4ly1ibgug22me2j312y13q1as.jpg,
https://wx1.sinaimg.cn/large/008wWnj4ly1ibgw2sab28j30u07ahx6p.jpg,
https://wx1.sinaimg.cn/large/008wWnj4ly1ibgw2ubyt2j30u03qj1kx.jpg,
https://wx1.sinaimg.cn/large/008wWnj4ly1ibgw375qthj30u034i4md.jpg,
https://wx1.sinaimg.cn/large/008wWnj4ly1ibh70hbppoj30u00u0woc.jpg,
https://wx1.sinaimg.cn/large/008wWnj4ly1ibh70imn11j30u00u017b.jpg,
https://wx1.sinaimg.cn/large/008wWnj4ly1ibh70lgev3j30u00u0jyu.jpg,
https://wx1.sinaimg.cn/large/008wWnj4ly1ibh89sikknj30wi0wbwrf.jpg,
https://wx1.sinaimg.cn/large/008wWnj4ly1ibj0ongvyjj30yi16i4oi.jpg,
https://wx1.sinaimg.cn/large/008wWnj4ly1ibj0ophmc6j30yi16ikh3.jpg,
https://wx1.sinaimg.cn/large/008wWnj4ly1ibj0ow8emfj30yi16ie5k.jpg,
https://wx1.sinaimg.cn/large/008wWnj4ly1ibj0p2onyfj30yi16i7w2.jpg,
https://wx1.sinaimg.cn/large/008wWnj4ly1ibj0x9lchyj30wi160wyu.jpg,
https://wx1.sinaimg.cn/large/008wWnj4ly1ibj0xnm1yij30wh1kq7ec.jpg,
https://wx1.sinaimg.cn/large/008wWnj4ly1ibj1qt5h76j31jk2bc7wh.jpg,
https://wx1.sinaimg.cn/large/008wWnj4ly1ibj70z9ptaj30k00k0jss.jpg,
https://wx1.sinaimg.cn/large/008wWnj4ly1ibk3usm1zkj30qo0ydtdw.jpg,
https://wx1.sinaimg.cn/large/008wWnj4ly1ibk3utxbjuj30ht0by0vq.jpg,
https://wx1.sinaimg.cn/large/008wWnj4ly1ibk5fbxyxlj31401hcx1r.jpg,
https://wx1.sinaimg.cn/large/008wWnj4ly1ibk5fgbtfdj31jk111x0g.jpg,
https://wx1.sinaimg.cn/large/008wWnj4ly1ibk5fhwxr4j31jk2bckjl.jpg,
https://wx1.sinaimg.cn/large/008wWnj4ly1ibkq7mfmo1j31402elh9j.jpg,
https://wx1.sinaimg.cn/large/008wWnj4ly1ibkq7vmhlhj30zk24yqhy.jpg,
https://wx1.sinaimg.cn/large/008wWnj4ly1ibkq7z2jdhj31402el1ev.jpg,
https://wx1.sinaimg.cn/large/008wWnj4ly1iblixqv64jj31jk223e1k.jpg,
https://wx1.sinaimg.cn/large/008wWnj4ly1ibliyh9sjvj31sc2dskjl.jpg,
https://wx1.sinaimg.cn/large/008wWnj4ly1iblizjhu4yj31sc2dsqv5.jpg,
https://wx1.sinaimg.cn/large/008wWnj4ly1ibn55zqji2j30wi1yc7wh.jpg,
https://wx1.sinaimg.cn/large/008wWnj4ly1ibntefozy6j30u01hcn3z.jpg,
https://wx1.sinaimg.cn/large/008wWnj4ly1ibp4psijo2j30u03uve81.jpg,
https://wx1.sinaimg.cn/large/008wWnj4ly1ibp6sqkqraj30xh0jrdnb.jpg,
https://wx1.sinaimg.cn/large/008wWnj4ly1ibq9de11zyj30xb0irgnz.jpg,
https://wx1.sinaimg.cn/large/008wWnj4ly1ibq9kun82aj30wh1g2qc8.jpg,
https://wx1.sinaimg.cn/large/008wWnj4ly1ibqno7ktwij31kw14a4b0.jpg,
https://wx1.sinaimg.cn/large/008wWnj4ly1ibrprugbl5j30wi0ib0ug.jpg,
https://wx1.sinaimg.cn/large/008wWnj4ly1ic1oz5s01kj319q19q4gp.jpg,
https://wx1.sinaimg.cn/large/008wWnj4ly1ic28xj30ibj30wi0n6428.jpg,
https://wx1.sinaimg.cn/large/008wWnj4ly1ic63p08h3jj30wi0xdq8h.jpg,
https://wx1.sinaimg.cn/large/008wWnj4ly1ic6tm5vut4j30s61hck0f.jpg,
https://wx1.sinaimg.cn/large/008wWnj4ly1ic7x8bypuyj30u0144n1j.jpg,
https://wx1.sinaimg.cn/large/008wWnj4ly1ic7x8xza8aj30u00u0wje.jpg,
https://wx1.sinaimg.cn/large/008wWnj4ly1ich3yt2r8oj318f1kwk6d.jpg,
https://wx1.sinaimg.cn/large/008wWnj4ly1ickg53h4d9j30oo1hcjvk.jpg,
https://wx1.sinaimg.cn/large/008wWnj4ly1iclizbxeiaj30wi1yctum.jpg,
https://wx1.sinaimg.cn/large/008wWnj4ly1icloe2jel6j30u0140gw9.jpg,
https://wx1.sinaimg.cn/large/008wWnj4ly1icmymbfmo7j30tz118gt4.jpg,
https://wx1.sinaimg.cn/large/008wWnj4ly1iculm7arg9j30wh05mq3o.jpg,
https://wx1.sinaimg.cn/large/008wWnj4ly1iculn4qe0hj30wh05xt9h.jpg,
https://wx1.sinaimg.cn/large/008wWnj4ly1iculng4og2j30wh0dtjtb.jpg,
https://wx1.sinaimg.cn/large/008wWnj4ly1icvo56ck4nj30u00u0436.jpg,
https://wx1.sinaimg.cn/large/008wWnj4ly1icvxejm756j33c03c01iq.jpg,
https://wx1.sinaimg.cn/large/008wWnj4ly1icvxektck9j33c03c0nkh.jpg,
https://wx1.sinaimg.cn/large/008wWnj4ly1icvxelxgn1j33c03c0nko.jpg,
https://wx1.sinaimg.cn/large/008wWnj4ly1icw8kgssxrj30k00q7t9d.jpg,
https://wx1.sinaimg.cn/large/008wWnj4ly1icx0tq6s00j30t91j0gtr.jpg,
https://wx1.sinaimg.cn/large/008wWnj4ly1icx0utmr15j31yo1yottj.jpg,
https://wx1.sinaimg.cn/large/008wWnj4ly1icx3tchlyjj30wi0xewlc.jpg,
https://wx1.sinaimg.cn/large/008wWnj4ly1icyf8berkkj30es09ewet.jpg,
https://wx1.sinaimg.cn/large/008wWnj4ly8ibn5d1dd4yj30nf0xo40f.jpg,
https://wx1.sinaimg.cn/large/008x7f3sgy1ictp7v8fz2j32mi3xskjs.jpg,
https://wx1.sinaimg.cn/large/008zoVG2ly1icwxgur4avj310o2a018c.jpg,
https://wx1.sinaimg.cn/large/008zoVG2ly1icwxh03l27g30b40b4kju.gif,
https://wx1.sinaimg.cn/large/008zoVG2ly1icwxh3acvig30f00f0b2h.gif,
https://wx1.sinaimg.cn/large/0095egTsly1iczfgigpufj31jj2bbkjl.jpg,
https://wx1.sinaimg.cn/large/0099rgTLgy1ictrbp7yz1j31ne2h31kx.jpg,
https://wx1.sinaimg.cn/large/0099rgTLgy1ictrbpvlefj31ms2g71hy.jpg,
https://wx1.sinaimg.cn/large/0099rgTLgy1ictrbrjbz4j31kd2ck1kx.jpg,
https://wx1.sinaimg.cn/large/0099rgTLgy1ictrbsb6t3j31mt2g8azp.jpg,
https://wx1.sinaimg.cn/large/64b09626ly1i8gbqj2wrtj20jg0igwgr.jpg,
https://wx1.sinaimg.cn/large/64b09626ly1i8gbqj9hvpj20go0o8goe.jpg,
https://wx1.sinaimg.cn/large/64b09626ly1i8gbqja2x7j20go0m00ux.jpg,
https://wx1.sinaimg.cn/large/64b09626ly1i8gbqjjq4pj20i20j2taz.jpg,
https://wx1.sinaimg.cn/large/64b09626ly1i8gbqjmxq2j20go0noabv.jpg,
https://wx1.sinaimg.cn/large/67436eebgy1icmvqmfwxnj20u0140hdt.jpg,
https://wx1.sinaimg.cn/large/69641508gy1ibcms0zl6gj210o1j4qhk.jpg,
https://wx1.sinaimg.cn/large/6f0843b2gy1hvxljgyg3qj20tg0jdwgk.jpg,
https://wx1.sinaimg.cn/large/6f0843b2gy1i14wh223mqj20u013ygvm.jpg,
https://wx1.sinaimg.cn/large/720b8534gy1i3tkd0kvr5j20wr0nymz4.jpg,
https://wx1.sinaimg.cn/large/720b8534gy1i4ptqe542kj20u011iade.jpg,
https://wx1.sinaimg.cn/large/720b8534gy1i4ptuqv99kj21kw0w04k9.jpg,
https://wx1.sinaimg.cn/large/7e682393ly1icvv3riaocj20u00pp79w.jpg,
https://wx1.sinaimg.cn/large/7e682393ly1icvv3zg88rj245267gnpe.jpg,
https://wx1.sinaimg.cn/large/9aec18c9gy1ib4bz3yaz4j225s1e0wzr.jpg,
https://wx1.sinaimg.cn/large/9aec18c9gy1ib4bz6de46j225s1e0wza.jpg,
https://wx1.sinaimg.cn/large/9aec18c9gy1ib4bzby69ej225s1e04nx.jpg,
https://wx1.sinaimg.cn/large/9aec18c9gy1ib4bzf3ai6j225s1e0b17.jpg,
https://wx1.sinaimg.cn/large/9aec18c9gy1ib4bznkdvuj225s1e0x1v.jpg,
https://wx1.sinaimg.cn/large/9dd38fb5ly1hyxwl43apcj20cb0lywod.jpg,
https://wx1.sinaimg.cn/large/9dd38fb5ly1hz7k9vdy2yj20re0j0aca.jpg,
https://wx1.sinaimg.cn/large/9dd38fb5ly1i3o9rzn03uj20nj0tajvu.jpg,
https://wx1.sinaimg.cn/large/9dd38fb5ly1i4wrw1orxwj22402tbx4y.jpg,
https://wx1.sinaimg.cn/large/9dd38fb5ly1i4wrw1zzoxj20h20e77c9.jpg,
https://wx1.sinaimg.cn/large/9dd38fb5ly1i4x1trz4k4j20wi0wydha.jpg,
https://wx1.sinaimg.cn/large/9dd38fb5ly1i5fp5wjw72j20u011ie81.jpg,
https://wx1.sinaimg.cn/large/9dd38fb5ly1i5fp5wvgb1j20u011ib29.jpg,
https://wx1.sinaimg.cn/large/9dd38fb5ly1ianpw669loj20u02zedpa.jpg,
https://wx1.sinaimg.cn/large/ad9ee005gy1ictzvc8pwlj22c0340qv6.jpg,
https://wx1.sinaimg.cn/large/ad9ee005gy1icx1bsvz3dg20b40bqhdv.gif,
https://wx1.sinaimg.cn/large/ad9ee005gy1icy41zoh43j20v91jlqbh.jpg,
https://wx1.sinaimg.cn/large/ad9ee005gy1icy420p91wj20v91jl7ai.jpg,
https://wx1.sinaimg.cn/large/b02cf0e0gy1hogf06oiroj20an09qdg2.jpg,
https://wx1.sinaimg.cn/large/b02cf0e0gy1hxtwkxl65qj20kw0j9weq.jpg,
https://wx1.sinaimg.cn/large/b02cf0e0gy1hxtwkykhopj20kr0jbaac.jpg,
https://wx1.sinaimg.cn/large/b02cf0e0gy1hxzk5x83o3j207i07i0so.jpg,
https://wx1.sinaimg.cn/large/b02cf0e0gy1hyb3g1edvmj21270zk780.jpg,
https://wx1.sinaimg.cn/large/b02cf0e0gy1hyb3g4hndej21jn0z1nb8.jpg,
https://wx1.sinaimg.cn/large/b02cf0e0gy1hyb3grdlvxj20fh0bamyh.jpg,
https://wx1.sinaimg.cn/large/b02cf0e0gy1hyb6pg5d4fj21680nrdmv.jpg,
https://wx1.sinaimg.cn/large/b02cf0e0gy1hybgirgsitj20wi0sen2k.jpg,
https://wx1.sinaimg.cn/large/b02cf0e0gy1hzvu3s3i6tj20vr0m6the.jpg,
https://wx1.sinaimg.cn/large/b02cf0e0gy1i2rfg847e8j211i1e0qc8.jpg,
https://wx1.sinaimg.cn/large/b02cf0e0gy1i2rfg9ltiuj20n319o7dx.jpg,
https://wx1.sinaimg.cn/large/c22eddbcly1icx38iv4vfj20or0sw76o.jpg,
https://wx1.sinaimg.cn/large/f127b5a7gy1ictpndodvgj22bc3h0e83.jpg,
https://wx1.sinaimg.cn/large/f127b5a7gy1ictpsjd8qoj22p841u7wk.jpg,
https://wx1.sinaimg.cn/large/f127b5a7gy1icv0yw49clj2200300kjn.jpg,
https://wx1.sinaimg.cn/large/f127b5a7gy1icv0yz3zw6j232r4m5qv8.jpg,
https://wx1.sinaimg.cn/large/f127b5a7gy1icv0z2loocj22253361kz.jpg,
https://wx1.sinaimg.cn/large/f127b5a7gy1icv0z6z7tgj22ce3il1kz.jpg,
https://wx1.sinaimg.cn/orj480/001TnUG6ly1icwn279w5fj60u0140wv302.jpg,
https://wx1.sinaimg.cn/orj480/005KdKkTgy1hy1hm6ufz8j31400u0tcb.jpg,
https://wx1.sinaimg.cn/orj480/005T06oZly1hzj2k37b6tj31hc0u0wsw.jpg,
https://wx1.sinaimg.cn/orj480/005zyrBNgy1hya4kugg9qj30nw0fkwhy.jpg,
https://wx1.sinaimg.cn/orj480/0063ZBshgy1hw01ja8p4nj30m80i2ju9.jpg,
https://wx1.sinaimg.cn/orj480/0063ZBshgy1hylnszvnhpj31400u0dmg.jpg,
https://wx1.sinaimg.cn/orj480/0068GZJSly1hxb6cpwl67j30qo0f4wfk.jpg,
https://wx1.sinaimg.cn/orj480/0068GZJSly1hygo8dhptoj30u0141n70.jpg,
https://wx1.sinaimg.cn/orj480/0069ZXMRgy1i3h3he24jrj32yo1o0kjl.jpg,
https://wx1.sinaimg.cn/orj480/006QjcL0gy1hzj3hx4k0jj31o0281npd.jpg,
https://wx1.sinaimg.cn/orj480/006mEiMGgy1hvkw8w8rm9j304g02wmx3.jpg,
https://wx1.sinaimg.cn/orj480/006mEiMGgy1hvkz03hu6zj30oo0dkjtp.jpg,
https://wx1.sinaimg.cn/orj480/006mEiMGgy1hvl4dbwemwj30oo0dmgo3.jpg,
https://wx1.sinaimg.cn/orj480/006mEiMGgy1hvl69b70usj31hc0omk1c.jpg,
https://wx1.sinaimg.cn/orj480/006mEiMGgy1hvzvo96z4wj30sg0k0422.jpg,
https://wx1.sinaimg.cn/orj480/006mEiMGgy1hzgbs3pn41j31hc0u0191.jpg,
https://wx1.sinaimg.cn/orj480/006mEiMGgy1i15nxb0guaj30js0cy76g.jpg,
https://wx1.sinaimg.cn/orj480/006mEiMGly1hvlkv1h0mkj31hc0u076o.jpg,
https://wx1.sinaimg.cn/orj480/006mEiMGly1hwewajqb79j308c06egm2.jpg,
https://wx1.sinaimg.cn/orj480/006mEiMGly1hwewktyoo4j30oo0dggol.jpg,
https://wx1.sinaimg.cn/orj480/006mEiMGly1hys8en2lffj31hc0omti3.jpg,
https://wx1.sinaimg.cn/orj480/006mEiMGly1i39fe7ri9kj30lw0hygm9.jpg,
https://wx1.sinaimg.cn/orj480/006mEiMGly1i3oa4fnjbkj31hc0omtam.jpg,
https://wx1.sinaimg.cn/orj480/006o24rHgy1hze26b4yvjj31hc0u0n11.jpg,
https://wx1.sinaimg.cn/orj480/006pQTe9gy1hv8h45fe99j30zk0k0wk2.jpg,
https://wx1.sinaimg.cn/orj480/006pQTe9gy1hvmu5ba1jdj30k00qpaln.jpg,
https://wx1.sinaimg.cn/orj480/007LjNhCgy1hyrg1hrkimj30oo0omn22.jpg,
https://wx1.sinaimg.cn/orj480/007LjNhCgy1i26vkxhwqhj30m60k0wf7.jpg,
https://wx1.sinaimg.cn/orj480/007ZLf6zgy1hwo8qu73tcj31hc0u046d.jpg,
https://wx1.sinaimg.cn/orj480/007ZLf6zgy1hx9z0fpdw8j30u00k0q3o.jpg,
https://wx1.sinaimg.cn/orj480/007ZLf6zgy1i0e3hb3v8mj31hc0u0q64.jpg,
https://wx1.sinaimg.cn/orj480/007ZLf6zgy1i0k1wiis0mj30u00u0gme.jpg,
https://wx1.sinaimg.cn/orj480/007ZLf6zgy1i2g5sddw5fj31hc0u0tb5.jpg,
https://wx1.sinaimg.cn/orj480/007ZLf6zgy1i55j62xd0pj31hc0u0wg2.jpg,
https://wx1.sinaimg.cn/orj480/007ZLf6zgy1i5zscu79xyj30k00baabr.jpg,
https://wx1.sinaimg.cn/orj480/0089fNnYly1hyes52qbh7j30lk0i874x.jpg,
https://wx1.sinaimg.cn/orj480/008D6Seygy1hxk4094kx6j317s0omwoc.jpg,
https://wx1.sinaimg.cn/orj480/008D6Seygy1hync8wqpooj31ha0tzn7j.jpg,
https://wx1.sinaimg.cn/orj480/008D6Seygy1i4log0qg8vj31ha0tzgs4.jpg,
https://wx1.sinaimg.cn/orj480/008G5Mg5gy1ic5d459jsyj30m80cj0un.jpg,
https://wx1.sinaimg.cn/orj480/008G5Mg5gy1icmo5i9einj30zg0jytem.jpg,
https://wx1.sinaimg.cn/orj480/008G5Mg5gy1ictz4pygjqj30zg0k0q4p.jpg,
https://wx1.sinaimg.cn/orj480/008audW7gy1hvmqlg8azoj30u01hcn0i.jpg,
https://wx1.sinaimg.cn/orj480/008qrxyxgy1hzue1ge6zaj30u01hcae3.jpg,
https://wx1.sinaimg.cn/orj480/008sIr7fgy1hwbk8up4qlj30u00gwtc0.jpg,
https://wx1.sinaimg.cn/orj480/008sIr7fgy1hwj6wy3744j30mc0clq5m.jpg,
https://wx1.sinaimg.cn/orj480/008sIr7fgy1hwwfkk0yj3j30bu06oq3r.jpg,
https://wx1.sinaimg.cn/orj480/008sIr7fgy1hxqdtjzrp6j30yg0jfgra.jpg,
https://wx1.sinaimg.cn/orj480/008sIr7fgy1hy8xjooik3j30ni0d90tu.jpg,
https://wx1.sinaimg.cn/orj480/008sIr7fgy1hy915cuj6rj30k80bejtg.jpg,
https://wx1.sinaimg.cn/orj480/008sIr7fgy1hy93fquqoyj30nw0dg415.jpg,
https://wx1.sinaimg.cn/orj480/008sIr7fgy1hya30iexppj30oa0dowhk.jpg,
https://wx1.sinaimg.cn/orj480/008sIr7fgy1hya35m87rnj30o80dotbp.jpg,
https://wx1.sinaimg.cn/orj480/008sIr7fgy1hyo04jksdxj30ne0d6gnr.jpg,
https://wx1.sinaimg.cn/orj480/008sIr7fgy1hyq9r3nllqj30zk0k0gos.jpg,
https://wx1.sinaimg.cn/orj480/008sIr7fgy1hzc5o3xcbhj30z60jtwk4.jpg,
https://wx1.sinaimg.cn/orj480/008sIr7fgy1hzftsb1kkbj31760ob7c8.jpg,
https://wx1.sinaimg.cn/orj480/008sIr7fgy1i0e5bro0ucj316s0o3guj.jpg,
https://wx1.sinaimg.cn/orj480/008sIr7fgy1i0hxncqmc0j30l60byabp.jpg,
https://wx1.sinaimg.cn/orj480/008sIr7fly1hzfu1iuad1j31760u0jud.jpg,
https://wx1.sinaimg.cn/orj480/008w8muKgy1hvl250anwkj30om0dvtay.jpg,
https://wx1.sinaimg.cn/orj480/008w8muKgy1hvqj31m8l8j31hc0u07hz.jpg,
https://wx1.sinaimg.cn/orj480/008w8muKgy1hwbc5i7cxij30u00gvq49.jpg,
https://wx1.sinaimg.cn/orj480/008w8muKgy1hwbfdfsk89j30u00gv75l.jpg,
https://wx1.sinaimg.cn/orj480/008w8muKgy1hxdhaw235kj30v40hstbo.jpg,
https://wx1.sinaimg.cn/orj480/008w8muKgy1hy10c64493j30u00phmyy.jpg,
https://wx1.sinaimg.cn/orj480/008w8muKgy1hy6japlg2wj30u00t3ab7.jpg,
https://wx1.sinaimg.cn/orj480/008w8muKgy1i2g40rpwmnj30uq0gyt9m.jpg,
https://wx1.sinaimg.cn/orj480/008w8muKgy1i86r63q0yjj30oa0k00ta.jpg,
https://wx1.sinaimg.cn/orj480/008w8muKgy1iax459hnizj30u00l6aaj.jpg,
https://wx1.sinaimg.cn/orj480/008w8muKgy1ib5fyrybdmj30zu0k6n4g.jpg,
https://wx1.sinaimg.cn/orj480/008w8muKly1hqeu22sutdj30g00sgjtr.jpg,
https://wx1.sinaimg.cn/orj480/008w8muKly1i4vzj9fwuej31hc0u00ub.jpg,
https://wx1.sinaimg.cn/orj480/008w8muKly1iawgaw655cj30zu0r6t9o.jpg,
https://wx1.sinaimg.cn/orj480/7453a909ly1i99zqwr69nj20k00ocaan.jpg,
https://wx1.sinaimg.cn/orj480/b02cf0e0gy1hx6w6zudkrj20ue0h4tbu.jpg,
https://wx1.sinaimg.cn/orj480/b02cf0e0gy1hyb7ypufzjj20ig0aemy8.jpg,
https://wx1.sinaimg.cn/orj480/b02cf0e0gy1hzj60144f2j20pm0egq50.jpg,
https://wx1.sinaimg.cn/orj480/b02cf0e0gy1hzz0whxlegj20ye0jen14.jpg,
https://wx1.sinaimg.cn/orj480/b02cf0e0gy1i1jyhawbzej20ys0jldjz.jpg,
https://wx1.sinaimg.cn/orj480/ebcc9c94ly1icxyx94omfj20mi0u078b.jpg,
https://wx2.sinaimg.cn/crop.0.6.1915.1065/008w8muKly1hwjdmfu4ltj31h80u0gpc.jpg,
https://wx2.sinaimg.cn/large/001LTF2wly1icuds4jb50j61jk28thdt02.jpg,
https://wx2.sinaimg.cn/large/001LTF2wly1icuds5cf0pj60v91voqth02.jpg,
https://wx2.sinaimg.cn/large/001LTF2wly1icuds6ds6pj60v91vokjl02.jpg,
https://wx2.sinaimg.cn/large/001ks3BOly1icugjqxt7fj60qc11ltbw02.jpg,
https://wx2.sinaimg.cn/large/001ks3BOly1icugjrlr0wj60u00pjwie02.jpg,
https://wx2.sinaimg.cn/large/001ks3BOly1icugl63orfj60pm0zzwiy02.jpg,
https://wx2.sinaimg.cn/large/0020LHhfly1icx1n6og4yj60j60sr12v02.jpg,
https://wx2.sinaimg.cn/large/0020LHhfly1icx1nojojbj60u01szath02.jpg,
https://wx2.sinaimg.cn/large/0020LHhfly1icx1ny41n0j60u01szx3o02.jpg,
https://wx2.sinaimg.cn/large/0020LHhfly1icx1usfaj2j60j60spqb702.jpg,
https://wx2.sinaimg.cn/large/0020LHhfly1icx2b0ykzuj60j60q5wnd02.jpg,
https://wx2.sinaimg.cn/large/005AMyG8gy1icupll83dyj30pm4a0e81.jpg,
https://wx2.sinaimg.cn/large/005KUU1vgy1i5mnka3i52j30rs1crtjk.jpg,
https://wx2.sinaimg.cn/large/005KdKkTgy1hw1y8u8iq5j30xw0v7n2i.jpg,
https://wx2.sinaimg.cn/large/005KdKkTgy1hw1y8vp66bj30xc0xc1kx.jpg,
https://wx2.sinaimg.cn/large/005KdKkTgy1hw7juct6xgg308507xnpg.gif,
https://wx2.sinaimg.cn/large/005KdKkTgy1hw7p55zamdg30d2077b2c.gif,
https://wx2.sinaimg.cn/large/005KdKkTgy1hw7p5hiszxg30hg09i7wu.gif,
https://wx2.sinaimg.cn/large/005KdKkTgy1hw7p6085y8g306a09vu0y.gif,
https://wx2.sinaimg.cn/large/005KdKkTgy1hxfsmec9v7j31ko0vvton.jpg,
https://wx2.sinaimg.cn/large/005KdKkTgy1hy5kg2xxhnj30u01oz78e.jpg,
https://wx2.sinaimg.cn/large/005KdKkTgy1hylqo8w184j30xw0wcaq1.jpg,
https://wx2.sinaimg.cn/large/005KdKkTgy1hyuw6p0squj30qa1kwgqv.jpg,
https://wx2.sinaimg.cn/large/005XuxSMly1icvl2ii1qqj35q466pb2l.jpg,
https://wx2.sinaimg.cn/large/005XuxSMly1icvl3i45upj33911tt1l0.jpg,
https://wx2.sinaimg.cn/large/005XuxSMly1icvl3kfv4qj33911ttkjn.jpg,
https://wx2.sinaimg.cn/large/005XuxSMly1icvl3z82hpj35q466p1lg.jpg,
https://wx2.sinaimg.cn/large/005XuxSMly1icvl4x1rafj32vb66pe89.jpg,
https://wx2.sinaimg.cn/large/005XuxSMly1icvl51ztv6j32vb66p7wp.jpg,
https://wx2.sinaimg.cn/large/005vhJLPgy1ibf1lq4lobj30wi13k777.jpg,
https://wx2.sinaimg.cn/large/005vhJLPgy1ibf1lrbtcaj30wi0npaet.jpg,
https://wx2.sinaimg.cn/large/005vxDPcgy1hydco8u3aaj30xz0fljuj.jpg,
https://wx2.sinaimg.cn/large/005xQ0zoly1icwt3b4a39j30zk0k0gr9.jpg,
https://wx2.sinaimg.cn/large/005zonqQgy1icudmu562tj30rs23gqm7.jpg,
https://wx2.sinaimg.cn/large/0063ZBshgy1hx9xci6vomj30w01kw41x.jpg,
https://wx2.sinaimg.cn/large/0063ZBshgy1i1blx2g81kj30u00u042c.jpg,
https://wx2.sinaimg.cn/large/0063ZBshgy1i1blx43vk0j30u00u0jst.jpg,
https://wx2.sinaimg.cn/large/0063ZBshgy1i1blx4q3gij30u00u00vk.jpg,
https://wx2.sinaimg.cn/large/0063ZBshgy1i1blx58o9yj30u00u0q3f.jpg,
https://wx2.sinaimg.cn/large/0063ZBshgy1i1blx67z9mj30u00u0te6.jpg,
https://wx2.sinaimg.cn/large/006E6S9Bly1icvskx98m2j311y0n8akx.jpg,
https://wx2.sinaimg.cn/large/006Kn1mIgy1icto1q19jhj31uh2rjnpf.jpg,
https://wx2.sinaimg.cn/large/006Kn1mIgy1icto2vs01mj31xh2w04qs.jpg,
https://wx2.sinaimg.cn/large/006L9559gy1icvr03gppoj30mi0u0q89.jpg,
https://wx2.sinaimg.cn/large/006NwJMdgy1i8d0fwe2cej30u00lcn00.jpg,
https://wx2.sinaimg.cn/large/006NwJMdgy1i8d0fxad0aj30u00lcn01.jpg,
https://wx2.sinaimg.cn/large/006NwJMdgy1i8d0fyresuj30u00lc40w.jpg,
https://wx2.sinaimg.cn/large/006mEiMGgy1i4nvmsxaloj325o0zuh87.jpg,
https://wx2.sinaimg.cn/large/006mEiMGly1i2g54qanirj30zu1h77av.jpg,
https://wx2.sinaimg.cn/large/006nChWply1iakxlrroz4j32zf5b0u11.jpg,
https://wx2.sinaimg.cn/large/006nChWply1iakxmrwov8j323s3qq4qs.jpg,
https://wx2.sinaimg.cn/large/006pQTe9gy1hx96fa9ch2j30zo11378r.jpg,
https://wx2.sinaimg.cn/large/006pQTe9gy1hy9zdb3a9vj30ab06bdic.jpg,
https://wx2.sinaimg.cn/large/006pQTe9gy1hyyes2frmjj30zo0qz0yv.jpg,
https://wx2.sinaimg.cn/large/006rUZZfly1ictq5tk48ej31n62gsx6p.jpg,
https://wx2.sinaimg.cn/large/006rUZZfly1ictq5tz1dfj318w1vc7wh.jpg,
https://wx2.sinaimg.cn/large/006tS5TFgy1hxcjpuxyc8j30u0140qlm.jpg,
https://wx2.sinaimg.cn/large/006xCBXugy1icwx6xpiwtj30mi0u0aet.jpg,
https://wx2.sinaimg.cn/large/006xCBXugy1icwx6y9k4mj30f00vr77n.jpg,
https://wx2.sinaimg.cn/large/006xCBXugy1icwx70mz1lj30ee0u0ac9.jpg,
https://wx2.sinaimg.cn/large/006xIMRYly1ictyns4b3wj32062wz7wj.jpg,
https://wx2.sinaimg.cn/large/006xeAcvgy1hy588isc3sj30dn0i60v2.jpg,
https://wx2.sinaimg.cn/large/0072j384gy1icuk4sljc8j31hc140gvc.jpg,
https://wx2.sinaimg.cn/large/0072j384gy1icuk4tzp8uj31400u0k3z.jpg,
https://wx2.sinaimg.cn/large/0074VaHDgy1hywu8nb15wj30u00u00v4.jpg,
https://wx2.sinaimg.cn/large/0074VaHDgy1hywu8ovrosj30d60d6gm2.jpg,
https://wx2.sinaimg.cn/large/0074VaHDgy1hywu8rmr8oj30u00u0jud.jpg,
https://wx2.sinaimg.cn/large/0074VaHDgy1hywu8xgcjhj30go0gowf7.jpg,
https://wx2.sinaimg.cn/large/00751n5egy1hwxd4lmiovj335s23vqv5.jpg,
https://wx2.sinaimg.cn/large/00751n5egy1hwxd4tdu89j335s23vb29.jpg,
https://wx2.sinaimg.cn/large/00754myjgy1icueov0jvwj30xi0x8wlg.jpg,
https://wx2.sinaimg.cn/large/00754myjgy1icueqggcgfj30xh19lq9d.jpg,
https://wx2.sinaimg.cn/large/00754myjgy1icvp6k5bbzj33c03c01kx.jpg,
https://wx2.sinaimg.cn/large/00754myjgy1icvw2goadxj33c03c01bv.jpg,
https://wx2.sinaimg.cn/large/00754myjgy1icwxaei5alj30xc3orb1k.jpg,
https://wx2.sinaimg.cn/large/00754myjgy1icwxafdlwij30qo0jwwg3.jpg,
https://wx2.sinaimg.cn/large/00754myjgy1icx0fsw9mlj30v91vows8.jpg,
https://wx2.sinaimg.cn/large/00754myjgy1icx0ftzoumj30t715nwl8.jpg,
https://wx2.sinaimg.cn/large/00754myjgy1icx0fux669j318g0fxqnj.jpg,
https://wx2.sinaimg.cn/large/00792LBbly1icux07oletj30wr0wggp0.jpg,
https://wx2.sinaimg.cn/large/00792LBbly1icux08a6g6j30wr0wmq5n.jpg,
https://wx2.sinaimg.cn/large/00792LBbly1icux08id7fj30wr0wm0wd.jpg,
https://wx2.sinaimg.cn/large/007EEaVCgy1icw94nd279j30u01uo46b.jpg,
https://wx2.sinaimg.cn/large/007EUOOCly1icvv8uy57bj315v1qu7wh.jpg,
https://wx2.sinaimg.cn/large/007EUOOCly1icvv8ve80pj31jk2bch1a.jpg,
https://wx2.sinaimg.cn/large/007EUOOCly1icvv90cuemj31jk2ba7wh.jpg,
https://wx2.sinaimg.cn/large/007VZCfNgy1hziia527wjj30u0140q7g.jpg,
https://wx2.sinaimg.cn/large/007W1H41ly1g9hyiaipbmj30ru0foadv.jpg,
https://wx2.sinaimg.cn/large/007WuwI6gy1i4spl3w4x0j31030oxaeh.jpg,
https://wx2.sinaimg.cn/large/007WuwI6gy1i4spm2mb69j32960w9kgh.jpg,
https://wx2.sinaimg.cn/large/007Z1QHTgy1ictxyd47erj33342244qt.jpg,
https://wx2.sinaimg.cn/large/007Z1QHTgy1ictxyfb3ebj3334223x6q.jpg,
https://wx2.sinaimg.cn/large/007Z1QHTgy1ictxyku5cxj33342231kz.jpg,
https://wx2.sinaimg.cn/large/007Z1QHTgy1ictxymz4q1j3223334kjm.jpg,
https://wx2.sinaimg.cn/large/007Z1QHTgy1ictxyrhrprj3334223e83.jpg,
https://wx2.sinaimg.cn/large/007ZLf6zgy1hwjl8xxzruj30a003cq41.jpg,
https://wx2.sinaimg.cn/large/007ZLf6zgy1hxa0gor9y0j31kw0trtik.jpg,
https://wx2.sinaimg.cn/large/007ZLf6zgy1hxyck4d1glj30v90roq9v.jpg,
https://wx2.sinaimg.cn/large/007ZLf6zgy1hxyck4ua1cj316o1kw7gl.jpg,
https://wx2.sinaimg.cn/large/007ZLf6zgy1hzj2ax1iv6j31gs10d1kx.jpg,
https://wx2.sinaimg.cn/large/007ZLf6zgy1hzj2b1xxu3j31gs12qqu8.jpg,
https://wx2.sinaimg.cn/large/007ehtjkly1icwwk5kuk8j33c03c04jb.jpg,
https://wx2.sinaimg.cn/large/007ehtjkly1icwwk69nrzj33c03c0kd3.jpg,
https://wx2.sinaimg.cn/large/007ehtjkly1icwwk768f7j30qo0qodjf.jpg,
https://wx2.sinaimg.cn/large/007ehtjkly1icwwk7ox43j30qo0qojvg.jpg,
https://wx2.sinaimg.cn/large/007ehtjkly1icwwk7z4phj30qo0qogpt.jpg,
https://wx2.sinaimg.cn/large/007gLGJIly1icyammavmuj31jk2behdt.jpg,
https://wx2.sinaimg.cn/large/007gLGJIly1icyamp6mx1j33334mnu0y.jpg,
https://wx2.sinaimg.cn/large/007gLGJIly1icyampnv5lj31al1q47b1.jpg,
https://wx2.sinaimg.cn/large/007wlOVpgy1i7oxqwoueij31kw1i8qfq.jpg,
https://wx2.sinaimg.cn/large/007wlOVpgy1i7oxqyapzpj30re0qoacw.jpg,
https://wx2.sinaimg.cn/large/0082bkAWgy1ictue61xj0j347s6bk1l8.jpg,
https://wx2.sinaimg.cn/large/0082bkAWly1icvmxo1bufj33lm5ebnps.jpg,
https://wx2.sinaimg.cn/large/0082bkAWly1icvmyvqmczj33lm5ebhe8.jpg,
https://wx2.sinaimg.cn/large/008475LKly1ibjo47r7hjj32yo1z4qm9.jpg,
https://wx2.sinaimg.cn/large/008475LKly1ibjo48fgusj33k02dce81.jpg,
https://wx2.sinaimg.cn/large/008475LKly1ibjo48utaqj30rr0ifn0k.jpg,
https://wx2.sinaimg.cn/large/008475LKly1ibjo4h4lccj364w3g8npe.jpg,
https://wx2.sinaimg.cn/large/008475LKly1ibjo4je7nhj32yo1z44qp.jpg,
https://wx2.sinaimg.cn/large/008475LKly1ibjo4k6hs8j34g02you0x.jpg,
https://wx2.sinaimg.cn/large/0087eEeUly1icr955iq90j30x0176al1.jpg,
https://wx2.sinaimg.cn/large/0087eEeUly1icwwtc6z4gj30xc3orb1k.jpg,
https://wx2.sinaimg.cn/large/008ACtuigy1ictslyubo7j33wb2lje83.jpg,
https://wx2.sinaimg.cn/large/008ACtuigy1ictsm7i5f3j31yr2y6npe.jpg,
https://wx2.sinaimg.cn/large/008ACtuigy1ictsmbi62ej31zs2znx6q.jpg,
https://wx2.sinaimg.cn/large/008ACtuigy1ictsmgv8cvj32k23u3x6r.jpg,
https://wx2.sinaimg.cn/large/008CJYjvgy1hxuywsq1uij33342bcx6p.jpg,
https://wx2.sinaimg.cn/large/008D6Seygy1i0l5zhyb12j31kw11y7hp.jpg,
https://wx2.sinaimg.cn/large/008D6Seygy1i0l5zipfxzj31kw11yk4r.jpg,
https://wx2.sinaimg.cn/large/008ElfIIgy1icivzt1oo9j30hx0v9tba.jpg,
https://wx2.sinaimg.cn/large/008ElfIIgy1iciwoulhrpj30hx0v9tc6.jpg,
https://wx2.sinaimg.cn/large/008ElfIIgy1icxt69oqbsj30zu08cglz.jpg,
https://wx2.sinaimg.cn/large/008GRKaygy1icy6e3vti9j30le0le779.jpg,
https://wx2.sinaimg.cn/large/008IMj1dly1i1mbnmnklpj32bc2bch8r.jpg,
https://wx2.sinaimg.cn/large/008IbghKgy1icwmxrkqqoj30u00u0aek.jpg,
https://wx2.sinaimg.cn/large/008IbghKgy1icwmypbjz5j30fo09hdga.jpg,
https://wx2.sinaimg.cn/large/008JYE1Wgy1icvvu71pb1j3334223hdu.jpg,
https://wx2.sinaimg.cn/large/008KcyyYgy1ibqjdobwv7j312u1m9tts.jpg,
https://wx2.sinaimg.cn/large/008KcyyYgy1ibqjdqoy4cj31cc20h1kx.jpg,
https://wx2.sinaimg.cn/large/008XXFIngy1icv6tq9ohfj32m83xcx6q.jpg,
https://wx2.sinaimg.cn/large/008XXFIngy1icv6ts1z1aj32m83xcu0y.jpg,
https://wx2.sinaimg.cn/large/008a581ily1icyanmnnhlj33344monpg.jpg,
https://wx2.sinaimg.cn/large/008a581ily1icyanpwwrvj32ux4adu10.jpg,
https://wx2.sinaimg.cn/large/008audW7gy1hn5pr1rlm4j30wi1u6788.jpg,
https://wx2.sinaimg.cn/large/008fUz77gy1ictva5u5ewj345c681kjs.jpg,
https://wx2.sinaimg.cn/large/008fUz77gy1ictvaiou9ij34b46gpnph.jpg,
https://wx2.sinaimg.cn/large/008fUz77gy1ictvbe0tstj31mj2fte82.jpg,
https://wx2.sinaimg.cn/large/008fUz77gy1ictvc5p414j32e53l6npg.jpg,
https://wx2.sinaimg.cn/large/008fUz77gy1ictvcs2o68j33m55f8qva.jpg,
https://wx2.sinaimg.cn/large/008fUz77ly1ib7ysc89sbj349y2un7wl.jpg,
https://wx2.sinaimg.cn/large/008ltuikgy1gz59lg17uxj315e1w4b29.jpg,
https://wx2.sinaimg.cn/large/008ltuikgy1i22e2uuwt5j31sc2dsu0y.jpg,
https://wx2.sinaimg.cn/large/008ltuikgy1i22e2zv63sj31sc2dsnpe.jpg,
https://wx2.sinaimg.cn/large/008ltuikgy1i22e3a1gdmj32c0340e84.jpg,
https://wx2.sinaimg.cn/large/008ltuikgy1i22e3do6j4j31sc2dsnpe.jpg,
https://wx2.sinaimg.cn/large/008ltuikgy1i22e45qvtqj31sc2ds7wi.jpg,
https://wx2.sinaimg.cn/large/008ltuikgy1icuiaajjf2j366w44onpe.jpg,
https://wx2.sinaimg.cn/large/008ltuikgy1icuiaff2gxj344e66hnpe.jpg,
https://wx2.sinaimg.cn/large/008ltuikgy1icuibf0vi6j321n32f7wn.jpg,
https://wx2.sinaimg.cn/large/008ltuikgy1icuid1ouvaj327u3bqx6t.jpg,
https://wx2.sinaimg.cn/large/008ltuikly1i0apoip7n0j32c13424qr.jpg,
https://wx2.sinaimg.cn/large/008ltuikly1i0apov4mngj32c0341u0z.jpg,
https://wx2.sinaimg.cn/large/008ltuikly1i0apphex8zj32c0340npe.jpg,
https://wx2.sinaimg.cn/large/008ltuikly1i0apq27i5lj32c13427wi.jpg,
https://wx2.sinaimg.cn/large/008ltuikly1ic7sz376vbj30u0144gpn.jpg,
https://wx2.sinaimg.cn/large/008ltuikly1ic8rev6xhej32bd334hdw.jpg,
https://wx2.sinaimg.cn/large/008ltuikly1iccav5fbvvj31nv2hqkjl.jpg,
https://wx2.sinaimg.cn/large/008ltuikly1iccav6njbnj323u35s4qq.jpg,
https://wx2.sinaimg.cn/large/008ltuikly1iccava3nr2j335s23ux6p.jpg,
https://wx2.sinaimg.cn/large/008ltuikly1icozygid8sj346l69ru18.jpg,
https://wx2.sinaimg.cn/large/008ltuikly1icozztwrtbj336l48sqv9.jpg,
https://wx2.sinaimg.cn/large/008ltuikly1icuv1nrmhyj33uq5rzqv6.jpg,
https://wx2.sinaimg.cn/large/008ltuikly1icuv1pgu2dj33xc2m8kjn.jpg,
https://wx2.sinaimg.cn/large/008ltuikly1icuv1znnfjj3334224hdu.jpg,
https://wx2.sinaimg.cn/large/008ltuikly1icuv21vr0nj32tb1vk7wi.jpg,
https://wx2.sinaimg.cn/large/008ltuikly1icuv24q98xj3334224qv7.jpg,
https://wx2.sinaimg.cn/large/008ltuikly1icuv28qrhaj33wj2lpu10.jpg,
https://wx2.sinaimg.cn/large/008ltuikly1iczlazwpsdj32kx3vbqv7.jpg,
https://wx2.sinaimg.cn/large/008ltuikly1iczlb4eyy7j347s6bknpl.jpg,
https://wx2.sinaimg.cn/large/008ltuikly1iczlbi7qu7j323w35skjl.jpg,
https://wx2.sinaimg.cn/large/008ltuikly1iczlbkhlgzj323w35skjl.jpg,
https://wx2.sinaimg.cn/large/008ltuikly1id0e18f9i0j32ba1ubx1p.jpg,
https://wx2.sinaimg.cn/large/008ltuikly1id0e19sbbpj32mi22s7wh.jpg,
https://wx2.sinaimg.cn/large/008o8Tioly1hzbu816jawj30ao06x0ss.jpg,
https://wx2.sinaimg.cn/large/008p2wVTly1iberwp3n6qj30ii0ii0vv.jpg,
https://wx2.sinaimg.cn/large/008p2wVTly1iberwphxbzj30ii0iigou.jpg,
https://wx2.sinaimg.cn/large/008qmBnrgy1icvie8mehxj30v91ug4b1.jpg,
https://wx2.sinaimg.cn/large/008qmBnrgy1icvie93ka5j30u0250tke.jpg,
https://wx2.sinaimg.cn/large/008qrxyxly1hyut3n36ddg30yi0k0kk9.gif,
https://wx2.sinaimg.cn/large/008sIr7fgy1hwezm1vsu6j30ha0agdgm.jpg,
https://wx2.sinaimg.cn/large/008sIr7fgy1hwezw9xq5uj30qr0zojwv.jpg,
https://wx2.sinaimg.cn/large/008sIr7fgy1hx9xovp170j32ui1v0kjl.jpg,
https://wx2.sinaimg.cn/large/008sIr7fgy1hxa4po5q3rj32og1sgnpd.jpg,
https://wx2.sinaimg.cn/large/008sIr7fgy1hxa4pudso5j32og1sgnpd.jpg,
https://wx2.sinaimg.cn/large/008sIr7fgy1hynx70juqoj30oc0zk481.jpg,
https://wx2.sinaimg.cn/large/008sIr7fgy1hyuutm5erdj31l32dgnpd.jpg,
https://wx2.sinaimg.cn/large/008sIr7fgy1hzj2fhl6s9j30u01hc4an.jpg,
https://wx2.sinaimg.cn/large/008sIr7fgy1i01ly98nb5j30wr1m8dmm.jpg,
https://wx2.sinaimg.cn/large/008u5Tilly1hzbzfir52tj30r20f440c.jpg,
https://wx2.sinaimg.cn/large/008w8muKgy1hvkvpbk8zxj30ru0fo75e.jpg,
https://wx2.sinaimg.cn/large/008w8muKgy1hw8748rbynj30hu07zjrr.jpg,
https://wx2.sinaimg.cn/large/008w8muKgy1hx9lchxnzpj30r40lrq3y.jpg,
https://wx2.sinaimg.cn/large/008w8muKgy1hx9lcimg6dj30r30lndhn.jpg,
https://wx2.sinaimg.cn/large/008w8muKgy1hx9lcxes7zj30mp0tkq57.jpg,
https://wx2.sinaimg.cn/large/008w8muKgy1hya32h9cw7j30xi0xitah.jpg,
https://wx2.sinaimg.cn/large/008w8muKgy1hya32hwe3uj30xi0xiabz.jpg,
https://wx2.sinaimg.cn/large/008w8muKgy1hyj9i30t5xj30pe0c4myc.jpg,
https://wx2.sinaimg.cn/large/008w8muKgy1hyreus2hnaj315g1kwtje.jpg,
https://wx2.sinaimg.cn/large/008w8muKgy1hyreusm9shj314p1kwqjg.jpg,
https://wx2.sinaimg.cn/large/008w8muKgy1hyut8nr5bwj31kw1kwtif.jpg,
https://wx2.sinaimg.cn/large/008w8muKgy1hz1tbsbq2cj31jj13c4qc.jpg,
https://wx2.sinaimg.cn/large/008w8muKgy1hzc29ilepqj30s40fotaz.jpg,
https://wx2.sinaimg.cn/large/008w8muKgy1hzk2wfw4i7j30ic0mx0w4.jpg,
https://wx2.sinaimg.cn/large/008w8muKgy1hzk2wh62xpj30ic0mxgo6.jpg,
https://wx2.sinaimg.cn/large/008w8muKgy1i002q93dvnj31900u0n82.jpg,
https://wx2.sinaimg.cn/large/008w8muKgy1i002qch1e6j31900u0gsl.jpg,
https://wx2.sinaimg.cn/large/008w8muKgy1i002qhe0ksj31900u0thg.jpg,
https://wx2.sinaimg.cn/large/008w8muKgy1i002qkafwnj31900u0do6.jpg,
https://wx2.sinaimg.cn/large/008w8muKgy1i00mgfimbij31kw11wgu7.jpg,
https://wx2.sinaimg.cn/large/008w8muKgy1i10eovwqs9j30i50cvdgh.jpg,
https://wx2.sinaimg.cn/large/008w8muKgy1i1bn1jfwuwj30l60h3who.jpg,
https://wx2.sinaimg.cn/large/008w8muKgy1i1bn7dfcr8j30r80eltja.jpg,
https://wx2.sinaimg.cn/large/008w8muKgy1i1vexg5h7dj30n60h9jzn.jpg,
https://wx2.sinaimg.cn/large/008w8muKgy1i2p7ea9ct9j30wh133k5p.jpg,
https://wx2.sinaimg.cn/large/008w8muKgy1i2p7eb22mkj30wi13jn8r.jpg,
https://wx2.sinaimg.cn/large/008w8muKgy1i3cu3wkid3j30u00jwjsz.jpg,
https://wx2.sinaimg.cn/large/008w8muKgy1i3cu3x1xxoj33c0248ank.jpg,
https://wx2.sinaimg.cn/large/008w8muKgy1i3u7sgo4oyj31iw19adkn.jpg,
https://wx2.sinaimg.cn/large/008w8muKgy1i4r5t7e7r7g30hs09skjp.gif,
https://wx2.sinaimg.cn/large/008w8muKgy1i6apg4fpizj30wi0t1tei.jpg,
https://wx2.sinaimg.cn/large/008w8muKgy1i6ddbahew8j30cn0jjgm4.jpg,
https://wx2.sinaimg.cn/large/008w8muKgy1iakc6y3q4uj30u015zgr0.jpg,
https://wx2.sinaimg.cn/large/008w8muKgy1iau2nfs0vcj31b91r0apx.jpg,
https://wx2.sinaimg.cn/large/008w8muKgy1ib4fx59lvyj30u011in3g.jpg,
https://wx2.sinaimg.cn/large/008w8muKgy1ibdauopvipj30u011i7a4.jpg,
https://wx2.sinaimg.cn/large/008w8muKgy1ibewt5tnznj30u01400wq.jpg,
https://wx2.sinaimg.cn/large/008w8muKgy1ibh0h4tr8nj335s1s0njj.jpg,
https://wx2.sinaimg.cn/large/008w8muKgy1ibh0h5pd3kj335s1s0qt7.jpg,
https://wx2.sinaimg.cn/large/008w8muKly1hwjlgxt7mcj30rs0jlwge.jpg,
https://wx2.sinaimg.cn/large/008w8muKly1hxp4nvsrc3j30rs0ou0tz.jpg,
https://wx2.sinaimg.cn/large/008wWnj4gy1i02tjjv1y0j31t00u0h16.jpg,
https://wx2.sinaimg.cn/large/008wWnj4gy1i811x405vfj30wi2qvtl8.jpg,
https://wx2.sinaimg.cn/large/008wWnj4gy1i81o2pn8hoj31kw1kw7jw.jpg,
https://wx2.sinaimg.cn/large/008wWnj4gy1i81o2syifbj319i1kwtgv.jpg,
https://wx2.sinaimg.cn/large/008wWnj4gy1i81o2yq7ouj31kw1kwapt.jpg,
https://wx2.sinaimg.cn/large/008wWnj4gy1i82e1dnxhkj30x6b9ukjo.jpg,
https://wx2.sinaimg.cn/large/008wWnj4gy1i82e1oj82yj30wi5kc1ky.jpg,
https://wx2.sinaimg.cn/large/008wWnj4gy1i82erjpb59j31u02uqnpe.jpg,
https://wx2.sinaimg.cn/large/008wWnj4gy1i82es8izx4j30wi9ohkjo.jpg,
https://wx2.sinaimg.cn/large/008wWnj4gy1i82esbnez6j30wi5f97wi.jpg,
https://wx2.sinaimg.cn/large/008wWnj4gy1i82f7ve2s5j30wi1cr4ha.jpg,
https://wx2.sinaimg.cn/large/008wWnj4gy1i82hpsnoctj30wi0xejyo.jpg,
https://wx2.sinaimg.cn/large/008wWnj4gy1i8l3kq1thbj30jo0xc77x.jpg,
https://wx2.sinaimg.cn/large/008wWnj4gy1i8m545c7zwj32yo1o04oa.jpg,
https://wx2.sinaimg.cn/large/008wWnj4gy1i8p0mvtw5dj30ta04iab6.jpg,
https://wx2.sinaimg.cn/large/008wWnj4ly1hvj8n9bk2jj30u01t0n2p.jpg,
https://wx2.sinaimg.cn/large/008wWnj4ly1hvlxqeu91tj310i3s2b29.jpg,
https://wx2.sinaimg.cn/large/008wWnj4ly1hvlxqsgqjwj30tocn3b2c.jpg,
https://wx2.sinaimg.cn/large/008wWnj4ly1hvxamdsa3ej30xq13gh9k.jpg,
https://wx2.sinaimg.cn/large/008wWnj4ly1hwi6pj8uz4j30tz199naw.jpg,
https://wx2.sinaimg.cn/large/008wWnj4ly1hwi6pjuummj30tv0sg10t.jpg,
https://wx2.sinaimg.cn/large/008wWnj4ly1hxiegoedtpj30z31gmtck.jpg,
https://wx2.sinaimg.cn/large/008wWnj4ly1hxif4gac4aj31t00u0n4q.jpg,
https://wx2.sinaimg.cn/large/008wWnj4ly1hxifgkzp2vj31t00u0n4g.jpg,
https://wx2.sinaimg.cn/large/008wWnj4ly1hxm07liqljj30dm0dm0u0.jpg,
https://wx2.sinaimg.cn/large/008wWnj4ly1hy9rerz28sj30u04npdwv.jpg,
https://wx2.sinaimg.cn/large/008wWnj4ly1hyer8lwohyj30tr1gttga.jpg,
https://wx2.sinaimg.cn/large/008wWnj4ly1hyjb2q8bxcj31qt2m84qq.jpg,
https://wx2.sinaimg.cn/large/008wWnj4ly1hz5xae5cm6j31kw16oqn2.jpg,
https://wx2.sinaimg.cn/large/008wWnj4ly1hz775ojqedj30u02ku46z.jpg,
https://wx2.sinaimg.cn/large/008wWnj4ly1hzbvxt7wnoj31t00u0jwe.jpg,
https://wx2.sinaimg.cn/large/008wWnj4ly1hzc95a8pduj31kw0zztck.jpg,
https://wx2.sinaimg.cn/large/008wWnj4ly1hzcc1xh4fnj30tn0bkt9w.jpg,
https://wx2.sinaimg.cn/large/008wWnj4ly1hzj4lmm7j8j30xc0mmgou.jpg,
https://wx2.sinaimg.cn/large/008wWnj4ly1hzj4qx59voj31kw0w046v.jpg,
https://wx2.sinaimg.cn/large/008wWnj4ly1hztldhbovhj31400u0129.jpg,
https://wx2.sinaimg.cn/large/008wWnj4ly1i02tn8gwmyj30tn0c6qax.jpg,
https://wx2.sinaimg.cn/large/008wWnj4ly1i03cu7zmm1j30u01ql78l.jpg,
https://wx2.sinaimg.cn/large/008wWnj4ly1i03qfmxnykj31t01o07wi.jpg,
https://wx2.sinaimg.cn/large/008wWnj4ly1i03r0hlxunj31t00u0tg8.jpg,
https://wx2.sinaimg.cn/large/008wWnj4ly1i03yxkch11j30u01t07aj.jpg,
https://wx2.sinaimg.cn/large/008wWnj4ly1i05xi3067cj30tc04dwfw.jpg,
https://wx2.sinaimg.cn/large/008wWnj4ly1i097z6plbuj30u01mt17t.jpg,
https://wx2.sinaimg.cn/large/008wWnj4ly1i0mj99pat9j30u01t0k06.jpg,
https://wx2.sinaimg.cn/large/008wWnj4ly1i0s45dn9zxj30ku0p6775.jpg,
https://wx2.sinaimg.cn/large/008wWnj4ly1i0sq81byl0j31hg0um7m1.jpg,
https://wx2.sinaimg.cn/large/008wWnj4ly1i0z8maip7tj30u01t0n5v.jpg,
https://wx2.sinaimg.cn/large/008wWnj4ly1i14ddekv0yj308l0a074q.jpg,
https://wx2.sinaimg.cn/large/008wWnj4ly1i198trc0dgj314w0iy7pe.jpg,
https://wx2.sinaimg.cn/large/008wWnj4ly1i1bzrhl8dvj30u04vgx6p.jpg,
https://wx2.sinaimg.cn/large/008wWnj4ly1i1ctyvyspuj31gv2i0e82.jpg,
https://wx2.sinaimg.cn/large/008wWnj4ly1i1cu5cgqdsj31gv3c0kjn.jpg,
https://wx2.sinaimg.cn/large/008wWnj4ly1i1d6vux3x6j316o1kwq89.jpg,
https://wx2.sinaimg.cn/large/008wWnj4ly1i1d6vvk1gqj30zu0ucdi9.jpg,
https://wx2.sinaimg.cn/large/008wWnj4ly1i1d6vxnuzbj311y1kwwo5.jpg,
https://wx2.sinaimg.cn/large/008wWnj4ly1i1jtdec3okj31hc0zljx4.jpg,
https://wx2.sinaimg.cn/large/008wWnj4ly1i1qqts6s8xj30x60pa7gg.jpg,
https://wx2.sinaimg.cn/large/008wWnj4ly1i1qtcqsmyrj323c19u1kx.jpg,
https://wx2.sinaimg.cn/large/008wWnj4ly1i1r258ba2wj31t093h1l5.jpg,
https://wx2.sinaimg.cn/large/008wWnj4ly1i1wekba66ej30u01t0k8m.jpg,
https://wx2.sinaimg.cn/large/008wWnj4ly1i1zsretbkwj31ps14oqup.jpg,
https://wx2.sinaimg.cn/large/008wWnj4ly1i1zv2s8823j30hu0tamz7.jpg,
https://wx2.sinaimg.cn/large/008wWnj4ly1i26vabdnzej31ry13wkjl.jpg,
https://wx2.sinaimg.cn/large/008wWnj4ly1i26val3nmoj328i19oqv5.jpg,
https://wx2.sinaimg.cn/large/008wWnj4ly1i2bbmr4iyxj30tz0monez.jpg,
https://wx2.sinaimg.cn/large/008wWnj4ly1i2lu5m2ewlj30tq07jjsj.jpg,
https://wx2.sinaimg.cn/large/008wWnj4ly1i2mh2e2k33j311i1e046r.jpg,
https://wx2.sinaimg.cn/large/008wWnj4ly1i2mh5j7wf8j30tl0y1h2d.jpg,
https://wx2.sinaimg.cn/large/008wWnj4ly1i2mhacc3vzj30tm0uqgxf.jpg,
https://wx2.sinaimg.cn/large/008wWnj4ly1i2zpztbxhxj335s23ue81.jpg,
https://wx2.sinaimg.cn/large/008wWnj4ly1i32gcgkmohj30wh10w0vl.jpg,
https://wx2.sinaimg.cn/large/008wWnj4ly1i32gwrhmgpj30us1520y8.jpg,
https://wx2.sinaimg.cn/large/008wWnj4ly1i3kebf5vgsj30tz0u0781.jpg,
https://wx2.sinaimg.cn/large/008wWnj4ly1i4surwjn79j30mq01wglz.jpg,
https://wx2.sinaimg.cn/large/008wWnj4ly1i4w9j7osmpj30tn0c8afq.jpg,
https://wx2.sinaimg.cn/large/008wWnj4ly1i54uziqfjtj30ty0wjao7.jpg,
https://wx2.sinaimg.cn/large/008wWnj4ly1i592j8rsezj30tz1cpx6p.jpg,
https://wx2.sinaimg.cn/large/008wWnj4ly1i5nseqgp72j323m19m4qq.jpg,
https://wx2.sinaimg.cn/large/008wWnj4ly1i5o1pv0izgj327819anpd.jpg,
https://wx2.sinaimg.cn/large/008wWnj4ly1i5o20mtoojj329g19ykjl.jpg,
https://wx2.sinaimg.cn/large/008wWnj4ly1i65w9w8vfoj30wi1547c1.jpg,
https://wx2.sinaimg.cn/large/008wWnj4ly1i67vw102y3j31kw0w0dnj.jpg,
https://wx2.sinaimg.cn/large/008wWnj4ly1i6az47xfl6j30wi0ewjwk.jpg,
https://wx2.sinaimg.cn/large/008wWnj4ly1i6az48jg46j30wi0v544x.jpg,
https://wx2.sinaimg.cn/large/008wWnj4ly1i6az499sxhj30wi0dpgo1.jpg,
https://wx2.sinaimg.cn/large/008wWnj4ly1i6az4aaslzj30wi0vhjxy.jpg,
https://wx2.sinaimg.cn/large/008wWnj4ly1i6k8kv3ipfj30u01hcgsq.jpg,
https://wx2.sinaimg.cn/large/008wWnj4ly1i6k9o8zwexj31hc0u0gry.jpg,
https://wx2.sinaimg.cn/large/008wWnj4ly1i6k9opwgp0j31hc0u0wk3.jpg,
https://wx2.sinaimg.cn/large/008wWnj4ly1i6kdainz2mj31a40u0afu.jpg,
https://wx2.sinaimg.cn/large/008wWnj4ly1i6ke3oauilj30u01hcdjs.jpg,
https://wx2.sinaimg.cn/large/008wWnj4ly1i6ke5jlqgwj30u00u00y4.jpg,
https://wx2.sinaimg.cn/large/008wWnj4ly1i6x90yxp8pj30wh1bntfr.jpg,
https://wx2.sinaimg.cn/large/008wWnj4ly1i6ydon84k7j31yc0wib29.jpg,
https://wx2.sinaimg.cn/large/008wWnj4ly1i79uri58ycj30wd1gm0zz.jpg,
https://wx2.sinaimg.cn/large/008wWnj4ly1i7bra6ohyrj30u01hcwmo.jpg,
https://wx2.sinaimg.cn/large/008wWnj4ly1i7bra9ban9j30u01hcdn6.jpg,
https://wx2.sinaimg.cn/large/008wWnj4ly1i7f2rg1rdbj30wi0e8n0w.jpg,
https://wx2.sinaimg.cn/large/008wWnj4ly1i7fh6mj63vj30wi1fo4c2.jpg,
https://wx2.sinaimg.cn/large/008wWnj4ly1i7fu1obzpsj30wi0jk789.jpg,
https://wx2.sinaimg.cn/large/008wWnj4ly1i7hscv8ihyj30hg088myn.jpg,
https://wx2.sinaimg.cn/large/008wWnj4ly1i7ita2b282j30li0wc0x0.jpg,
https://wx2.sinaimg.cn/large/008wWnj4ly1i7j6nw0bbtj30wi1outno.jpg,
https://wx2.sinaimg.cn/large/008wWnj4ly1i7vnf7ua5bj31yc0wikjl.jpg,
https://wx2.sinaimg.cn/large/008wWnj4ly1i7vnhhdz5cj31yc4ii1ky.jpg,
https://wx2.sinaimg.cn/large/008wWnj4ly1i7x2qn5lwxj30t30o9wkv.jpg,
https://wx2.sinaimg.cn/large/008wWnj4ly1i7xvp3vaw6j30wh1lrwsq.jpg,
https://wx2.sinaimg.cn/large/008wWnj4ly1i7yxn98y2aj30wi1yc1kx.jpg,
https://wx2.sinaimg.cn/large/008wWnj4ly1i7yxna04g9j30wi1yc4qp.jpg,
https://wx2.sinaimg.cn/large/008wWnj4ly1i7yxnai00qj30wi1yck0p.jpg,
https://wx2.sinaimg.cn/large/008wWnj4ly1i7yxno004uj30wi1yc1kx.jpg,
https://wx2.sinaimg.cn/large/008wWnj4ly1i7yzg1x246j30wi1ycno4.jpg,
https://wx2.sinaimg.cn/large/008wWnj4ly1i7zbtbh0cgj30wi0dd775.jpg,
https://wx2.sinaimg.cn/large/008wWnj4ly1i801oenuvkj30wh17fahb.jpg,
https://wx2.sinaimg.cn/large/008wWnj4ly1i801vlwuujj30wi1e0k9d.jpg,
https://wx2.sinaimg.cn/large/008wWnj4ly1i802jjzjmfj30wi1crduo.jpg,
https://wx2.sinaimg.cn/large/008wWnj4ly1i8040wxg03j31h324x4qq.jpg,
https://wx2.sinaimg.cn/large/008wWnj4ly1i80410piv4j31mm27tx6p.jpg,
https://wx2.sinaimg.cn/large/008wWnj4ly1i80411x3lmj31k22abnpd.jpg,
https://wx2.sinaimg.cn/large/008wWnj4ly1i8041l9w9jj31j22hkb29.jpg,
https://wx2.sinaimg.cn/large/008wWnj4ly1i8055w2almj31yc0wityy.jpg,
https://wx2.sinaimg.cn/large/008wWnj4ly1i80586wfjbj31yc0wix53.jpg,
https://wx2.sinaimg.cn/large/008wWnj4ly1i807l7swioj31yc0wi1kx.jpg,
https://wx2.sinaimg.cn/large/008wWnj4ly1i807ldz8qrj31yc0wihbe.jpg,
https://wx2.sinaimg.cn/large/008wWnj4ly1i8081d05psj30wi0c6dgj.jpg,
https://wx2.sinaimg.cn/large/008wWnj4ly1i8166fsm3uj319i1kwn6q.jpg,
https://wx2.sinaimg.cn/large/008wWnj4ly1i8166jsgfaj31kw1kwdtm.jpg,
https://wx2.sinaimg.cn/large/008wWnj4ly1i8166k73bij319i1kw7ge.jpg,
https://wx2.sinaimg.cn/large/008wWnj4ly1i818jlr7y4j30wh1i54a0.jpg,
https://wx2.sinaimg.cn/large/008wWnj4ly1i818joskl0j30wi1cr7er.jpg,
https://wx2.sinaimg.cn/large/008wWnj4ly1i8wmil835xj30wh1pzti4.jpg,
https://wx2.sinaimg.cn/large/008wWnj4ly1ia2cl9kedhj30wi10vdmj.jpg,
https://wx2.sinaimg.cn/large/008wWnj4ly1ia5tvhb19vj30wi0wi78v.jpg,
https://wx2.sinaimg.cn/large/008wWnj4ly1ib2tmely01j31yc0wi7wh.jpg,
https://wx2.sinaimg.cn/large/008wWnj4ly1ib55978fvtj30k00zktc6.jpg,
https://wx2.sinaimg.cn/large/008wWnj4ly1ib824ixcrsj30wi1tbwoo.jpg,
https://wx2.sinaimg.cn/large/008wWnj4ly1ibba6u9fprj31hc140n3t.jpg,
https://wx2.sinaimg.cn/large/008wWnj4ly1ibblq83qlpj30wi16tdx3.jpg,
https://wx2.sinaimg.cn/large/008wWnj4ly1ibdibxa4gdj31sc2dskjl.jpg,
https://wx2.sinaimg.cn/large/008wWnj4ly1ibdibz6updj31sc2dsnpd.jpg,
https://wx2.sinaimg.cn/large/008wWnj4ly1ibdic4l5ixj31sc2ds1kx.jpg,
https://wx2.sinaimg.cn/large/008wWnj4ly1ibdj0501ttj30wi0n70xh.jpg,
https://wx2.sinaimg.cn/large/008wWnj4ly1ibdn82zp6tj30k00tyaet.jpg,
https://wx2.sinaimg.cn/large/008wWnj4ly1ibdwlokfyyj31e50wi1al.jpg,
https://wx2.sinaimg.cn/large/008wWnj4ly1ibdx0xqp5cj30q90hsdjb.jpg,
https://wx2.sinaimg.cn/large/008wWnj4ly1ibdx0y3w5dj30o609hdgx.jpg,
https://wx2.sinaimg.cn/large/008wWnj4ly1ibdy4svxp7j30u00u0451.jpg,
https://wx2.sinaimg.cn/large/008wWnj4ly1ibeyipp2rnj30wi1jd44q.jpg,
https://wx2.sinaimg.cn/large/008wWnj4ly1ibfu535a06j30u00u07iv.jpg,
https://wx2.sinaimg.cn/large/008wWnj4ly1ibfu7rcaakj31mi0wwwwd.jpg,
https://wx2.sinaimg.cn/large/008wWnj4ly1ibfwfyaqn6j334022ohdt.jpg,
https://wx2.sinaimg.cn/large/008wWnj4ly1ibfwg5gdc7j31e022zan2.jpg,
https://wx2.sinaimg.cn/large/008wWnj4ly1ibfwgddf2oj33f62a3qv6.jpg,
https://wx2.sinaimg.cn/large/008wWnj4ly1ibfwggirddj34mo334e86.jpg,
https://wx2.sinaimg.cn/large/008wWnj4ly1ibfwgn6xz4j324o3sbe84.jpg,
https://wx2.sinaimg.cn/large/008wWnj4ly1ibfzq2qmtvj30u00u0n11.jpg,
https://wx2.sinaimg.cn/large/008wWnj4ly1ibgnw8c3c9j30wi0rfaeh.jpg,
https://wx2.sinaimg.cn/large/008wWnj4ly1ibgp4mzlpwj30qo0k0dn0.jpg,
https://wx2.sinaimg.cn/large/008wWnj4ly1ibgp53h40nj30zk0gcmyz.jpg,
https://wx2.sinaimg.cn/large/008wWnj4ly1ibgu39y3kzj30vq0l042b.jpg,
https://wx2.sinaimg.cn/large/008wWnj4ly1ibgw2t4luuj30u0190aft.jpg,
https://wx2.sinaimg.cn/large/008wWnj4ly1ibh13meevzj31ne2h3kjl.jpg,
https://wx2.sinaimg.cn/large/008wWnj4ly1ibh13ou3lqj32px42wkjo.jpg,
https://wx2.sinaimg.cn/large/008wWnj4ly1ibh8bgwcykj30u00u0tje.jpg,
https://wx2.sinaimg.cn/large/008wWnj4ly1ibhcj2f8akj30oo137jwu.jpg,
https://wx2.sinaimg.cn/large/008wWnj4ly1ibj0hcg3ebj30wr0egade.jpg,
https://wx2.sinaimg.cn/large/008wWnj4ly1ibj0oylg5tj30yi16ihaz.jpg,
https://wx2.sinaimg.cn/large/008wWnj4ly1ibj0p0n0haj30yi16inni.jpg,
https://wx2.sinaimg.cn/large/008wWnj4ly1ibj0xb2n68j30wi160av9.jpg,
https://wx2.sinaimg.cn/large/008wWnj4ly1ibj1qq5kubj31jk2bcx6p.jpg,
https://wx2.sinaimg.cn/large/008wWnj4ly1ibk3utga6yj30hs0eo77o.jpg,
https://wx2.sinaimg.cn/large/008wWnj4ly1ibk5fenio8j31401hgh3v.jpg,
https://wx2.sinaimg.cn/large/008wWnj4ly1ibkoegglsij30wi0wn7bk.jpg,
https://wx2.sinaimg.cn/large/008wWnj4ly1ibkq7jnzvij31402el4qp.jpg,
https://wx2.sinaimg.cn/large/008wWnj4ly1iblixpwp9fj31jk223qpp.jpg,
https://wx2.sinaimg.cn/large/008wWnj4ly1ibliyg1a8dj31sc2dskjl.jpg,
https://wx2.sinaimg.cn/large/008wWnj4ly1ibn55tv24gj30wi1yc7wh.jpg,
https://wx2.sinaimg.cn/large/008wWnj4ly1ibp5gsr7okj30kj0a4jww.jpg,
https://wx2.sinaimg.cn/large/008wWnj4ly1ibp6lilo4ij30xb0km43y.jpg,
https://wx2.sinaimg.cn/large/008wWnj4ly1ibp6rgi2wvj30xe0k94jl.jpg,
https://wx2.sinaimg.cn/large/008wWnj4ly1ibph4lavj4j328e35pqv5.jpg,
https://wx2.sinaimg.cn/large/008wWnj4ly1ibr9mln1fhj31kw14819f.jpg,
https://wx2.sinaimg.cn/large/008wWnj4ly1ibs80e89yuj31481kw487.jpg,
https://wx2.sinaimg.cn/large/008wWnj4ly1ibs8malsrlj30wi1p747t.jpg,
https://wx2.sinaimg.cn/large/008wWnj4ly1ibs8mbhxx6j30wi1prdp5.jpg,
https://wx2.sinaimg.cn/large/008wWnj4ly1ibtz1mxxsrj30u00u07av.jpg,
https://wx2.sinaimg.cn/large/008wWnj4ly1ibtz1xgsb0j30u00u0tel.jpg,
https://wx2.sinaimg.cn/large/008wWnj4ly1ibwegl4uk6j31ha1han5z.jpg,
https://wx2.sinaimg.cn/large/008wWnj4ly1ibxjrff6c9j30zk0k0q67.jpg,
https://wx2.sinaimg.cn/large/008wWnj4ly1ibxkvfcqjyj31yc0frq6l.jpg,
https://wx2.sinaimg.cn/large/008wWnj4ly1ic10f8tet6j30k00k0adg.jpg,
https://wx2.sinaimg.cn/large/008wWnj4ly1ic10fb8o0rj30qo0k0wjj.jpg,
https://wx2.sinaimg.cn/large/008wWnj4ly1ic11q5kyp9j30k00zkdis.jpg,
https://wx2.sinaimg.cn/large/008wWnj4ly1ic11qgex43j30k00zkdia.jpg,
https://wx2.sinaimg.cn/large/008wWnj4ly1ic1pbqrxs6j31hc0tyqgk.jpg,
https://wx2.sinaimg.cn/large/008wWnj4ly1ic2756bqcaj30k00zk0vx.jpg,
https://wx2.sinaimg.cn/large/008wWnj4ly1ic28aqkg1qj30v61asq8c.jpg,
https://wx2.sinaimg.cn/large/008wWnj4ly1ic2923s42dj30wi0it41r.jpg,
https://wx2.sinaimg.cn/large/008wWnj4ly1ic6r52tlxgj30u0140q8p.jpg,
https://wx2.sinaimg.cn/large/008wWnj4ly1ic6s29dx53j30u0140agq.jpg,
https://wx2.sinaimg.cn/large/008wWnj4ly1ic6tm4zx34j30s61hcwqf.jpg,
https://wx2.sinaimg.cn/large/008wWnj4ly1ic8w0rue4zj30pn19lk4s.jpg,
https://wx2.sinaimg.cn/large/008wWnj4ly1ich3ihni47j30oo0lz40o.jpg,
https://wx2.sinaimg.cn/large/008wWnj4ly1ickg777ukej30oo1hcwib.jpg,
https://wx2.sinaimg.cn/large/008wWnj4ly1icliz7ycr3j30wi1ycaw7.jpg,
https://wx2.sinaimg.cn/large/008wWnj4ly1iclj08sad7j30wi1yc7se.jpg,
https://wx2.sinaimg.cn/large/008wWnj4ly1icmz6hdq3hj30ty11a7dj.jpg,
https://wx2.sinaimg.cn/large/008wWnj4ly1icmz6pt2a3j30u011an6e.jpg,
https://wx2.sinaimg.cn/large/008wWnj4ly1icmz6voi9hj30tz11d46d.jpg,
https://wx2.sinaimg.cn/large/008wWnj4ly1icn1ki5325j31ha1z4tm2.jpg,
https://wx2.sinaimg.cn/large/008wWnj4ly1icn1kixgrtj31hc1z4aze.jpg,
https://wx2.sinaimg.cn/large/008wWnj4ly1icn1kld26nj31ha1z4k1w.jpg,
https://wx2.sinaimg.cn/large/008wWnj4ly1icvxelcsbtj33c03c07qo.jpg,
https://wx2.sinaimg.cn/large/008wWnj4ly1icwzlrwm3hj335s23u4qq.jpg,
https://wx2.sinaimg.cn/large/008wWnj4ly1icwzlwexrjj31yc0wie81.jpg,
https://wx2.sinaimg.cn/large/008wWnj4ly1icyf24v4d6j310k0q0wla.jpg,
https://wx2.sinaimg.cn/large/008wWnj4ly1id1xlrm7juj30wi1lwtmc.jpg,
https://wx2.sinaimg.cn/large/008wWnj4ly8i7u39i9saij30u01hdgqk.jpg,
https://wx2.sinaimg.cn/large/008wWnj4ly8ic2npoalbpj30u00u0gpm.jpg,
https://wx2.sinaimg.cn/large/008x7f3sgy1ictpaacacjj32ke3umnpl.jpg,
https://wx2.sinaimg.cn/large/008zoVG2ly1icwxgxd7aqg30b40eux6r.gif,
https://wx2.sinaimg.cn/large/0095egTsly1iczfgrl9fhj31es246kjl.jpg,
https://wx2.sinaimg.cn/large/0095egTsly1iczfgvqn4lj31ke2cmx6p.jpg,
https://wx2.sinaimg.cn/large/0099rgTLgy1ictrcc05d2j31k92ce000.jpg,
https://wx2.sinaimg.cn/large/64b09626ly1i8gbqjhfnyj20go0mlgns.jpg,
https://wx2.sinaimg.cn/large/67436eebgy1ickh4ppv1qj20xc18ge81.jpg,
https://wx2.sinaimg.cn/large/67436eebgy1ickh4q9eauj20xc18gkc6.jpg,
https://wx2.sinaimg.cn/large/6f0843b2ly1hyolm29xybj20u00midoe.jpg,
https://wx2.sinaimg.cn/large/6f0843b2ly1hyolm2b3abj20u00min78.jpg,
https://wx2.sinaimg.cn/large/720b8534gy1i4ptuuy8fsj21kw0w07pi.jpg,
https://wx2.sinaimg.cn/large/720b8534gy1i4ptuzdn1nj214n1kwqki.jpg,
https://wx2.sinaimg.cn/large/787e6065gy1hyrd05cqn3j20h405hjtq.jpg,
https://wx2.sinaimg.cn/large/7e682393ly1icvv3x84fpj2334224x6q.jpg,
https://wx2.sinaimg.cn/large/7e682393ly1icvv41j4h8j23uq5rzqv6.jpg,
https://wx2.sinaimg.cn/large/9aec18c9gy1ib4bz9fljjj225s1e0x4h.jpg,
https://wx2.sinaimg.cn/large/9aec18c9gy1ib4c0kvqkpj21ac1zs1kx.jpg,
https://wx2.sinaimg.cn/large/9dd38fb5ly1hw8t4vnzwtj20ms06275w.jpg,
https://wx2.sinaimg.cn/large/9dd38fb5ly1hyoiduryojj21oe0u0wt0.jpg,
https://wx2.sinaimg.cn/large/9dd38fb5ly1hyxwl3m7y0j22e4348e82.jpg,
https://wx2.sinaimg.cn/large/9dd38fb5ly1i5fp5w62ryj20u011ib29.jpg,
https://wx2.sinaimg.cn/large/ad9ee005gy1icx1bqdavtg20b40f47wk.gif,
https://wx2.sinaimg.cn/large/ad9ee005gy1icy424rhpbj20v91jln1v.jpg,
https://wx2.sinaimg.cn/large/b02cf0e0gy1hxu07kqis5j20jd0i4wex.jpg,
https://wx2.sinaimg.cn/large/b02cf0e0gy1hxu07lmarrj20j80i8mxm.jpg,
https://wx2.sinaimg.cn/large/b02cf0e0gy1hxu07m9zopj20ji0hxglz.jpg,
https://wx2.sinaimg.cn/large/b02cf0e0gy1hxzk5xi6gkj207i07iq2w.jpg,
https://wx2.sinaimg.cn/large/b02cf0e0gy1hzvu3u3hc2j20qo0m7djs.jpg,
https://wx2.sinaimg.cn/large/b02cf0e0gy1i2rfg6wnm4j20hs196n4l.jpg,
https://wx2.sinaimg.cn/large/b02cf0e0gy1i2rfg7ibu9j20qo0ig43s.jpg,
https://wx2.sinaimg.cn/large/b02cf0e0gy1i2rfg8nuhoj211i1e07c0.jpg,
https://wx2.sinaimg.cn/large/b02cf0e0gy1i2rfgb67hej20zu1kogwc.jpg,
https://wx2.sinaimg.cn/large/b283567cgy1i5ataa716tj235s2vuhdt.jpg,
https://wx2.sinaimg.cn/large/c22eddbcly1icx38j390oj20xi13yae0.jpg,
https://wx2.sinaimg.cn/large/c22eddbcly1icx38jn4agj20xi11xgp0.jpg,
https://wx2.sinaimg.cn/large/ebcc9c94ly1id0hy5gu77j21wq29pwvm.jpg,
https://wx2.sinaimg.cn/large/edc25df3ly1iaxeqyk2uxj20w60y0gp1.jpg,
https://wx2.sinaimg.cn/large/f127b5a7gy1ictps8olbxj22bc3h0x6q.jpg,
https://wx2.sinaimg.cn/large/f127b5a7gy1ictq3mt3ztj22bc3gzhdu.jpg,
https://wx2.sinaimg.cn/large/f127b5a7gy1icv5nod6unj22ff3n5u0z.jpg,
https://wx2.sinaimg.cn/orj480/001DitQply1icvr8a3q2cj60k00zkgp102.jpg,
https://wx2.sinaimg.cn/orj480/005KdKkTgy1hyox2s1b2wj31400u048p.jpg,
https://wx2.sinaimg.cn/orj480/005KdKkTly1hxarc3nihnj31hc0u0434.jpg,
https://wx2.sinaimg.cn/orj480/005T06oZgy1hyurnsquthj30zk0k0n1n.jpg,
https://wx2.sinaimg.cn/orj480/005T06oZgy1hzurbhgjyyj30go0e6gnf.jpg,
https://wx2.sinaimg.cn/orj480/005T06oZly1hxfwd6czikj30jg0ay75k.jpg,
https://wx2.sinaimg.cn/orj480/005T06oZly1hya5att17tj30oq0dywh7.jpg,
https://wx2.sinaimg.cn/orj480/005T06oZly1hzfmhxpo8zj30oy0e278f.jpg,
https://wx2.sinaimg.cn/orj480/005T06oZly1i11mm93vnfj30zi0jzn0w.jpg,
https://wx2.sinaimg.cn/orj480/005T06oZly1i1kwvrihfqj317o0okq97.jpg,
https://wx2.sinaimg.cn/orj480/005T06oZly1i3u3lhih36j30oa0dpwhe.jpg,
https://wx2.sinaimg.cn/orj480/005uN1TVly1ibqdtgzwesj31hc0u00us.jpg,
https://wx2.sinaimg.cn/orj480/005zyrBNgy1hy7p5zfqc0j30og0fkadg.jpg,
https://wx2.sinaimg.cn/orj480/0063ZBshgy1hxp2tk6lrvj30zk0k0q7i.jpg,
https://wx2.sinaimg.cn/orj480/0063ZBshgy1hylo1ozuzuj30m80iwq6c.jpg,
https://wx2.sinaimg.cn/orj480/0063ZBshgy1hzp180vma0j30m80imq67.jpg,
https://wx2.sinaimg.cn/orj480/0063ZBshgy1i1h7ofaetaj30k00k0n1u.jpg,
https://wx2.sinaimg.cn/orj480/006QjcL0gy1hxdc9ocsipj31800okwnp.jpg,
https://wx2.sinaimg.cn/orj480/006QjcL0gy1hxq33jodz0j31hc0u0n7d.jpg,
https://wx2.sinaimg.cn/orj480/006QjcL0gy1hzcajzqshnj317c0oktg1.jpg,
https://wx2.sinaimg.cn/orj480/006QjcL0gy1hzgxf34qohj317k0okqbx.jpg,
https://wx2.sinaimg.cn/orj480/006QjcL0gy1hzudh9649wj30d0092abt.jpg,
https://wx2.sinaimg.cn/orj480/006QjcL0gy1i01dzk5uhmj31hc0u0dpx.jpg,
https://wx2.sinaimg.cn/orj480/006QjcL0ly1i0aqwocgjaj317e0okjtm.jpg,
https://wx2.sinaimg.cn/orj480/006mEiMGgy1hvkz9yw6kgj30zk0k00yz.jpg,
https://wx2.sinaimg.cn/orj480/006mEiMGgy1hvl0ac70aqj30oo0dqad9.jpg,
https://wx2.sinaimg.cn/orj480/006mEiMGgy1hvl1dz7mawj30oo0d676u.jpg,
https://wx2.sinaimg.cn/orj480/006mEiMGgy1hvndpswkgyj30ja0avdgo.jpg,
https://wx2.sinaimg.cn/orj480/006mEiMGly1hvlmfjarjtj30zk0k0jr9.jpg,
https://wx2.sinaimg.cn/orj480/006mEiMGly1hy6n38uvqxj31hc0omtfj.jpg,
https://wx2.sinaimg.cn/orj480/006mEiMGly1hznonrxcq4j30k00zkjtq.jpg,
https://wx2.sinaimg.cn/orj480/006mEiMGly1i1wtov3l9lj310o0u0wll.jpg,
https://wx2.sinaimg.cn/orj480/006pQTe9gy1hv8gt6u0t7j30zk0k0ae3.jpg,
https://wx2.sinaimg.cn/orj480/006pQTe9gy1hvl0y34w06j30zk0k0455.jpg,
https://wx2.sinaimg.cn/orj480/006pQTe9gy1hvysbsg961j30v40k00x6.jpg,
https://wx2.sinaimg.cn/orj480/006pQTe9gy1hvytfdq240j30zk0k0n3y.jpg,
https://wx2.sinaimg.cn/orj480/006pQTe9gy1hxcd5e6dcbj30zk0k0gsd.jpg,
https://wx2.sinaimg.cn/orj480/006pgdI6gy1i174qt4re8j31hc0u0u0x.jpg,
https://wx2.sinaimg.cn/orj480/006rUZZfly1icw5ey3bhkj30zk0k07d4.jpg,
https://wx2.sinaimg.cn/orj480/007LjNhCgy1i4kccinl42j308o08owek.jpg,
https://wx2.sinaimg.cn/orj480/007YAdaely1icvkop97ccj30u01hcjuj.jpg,
https://wx2.sinaimg.cn/orj480/007ZLf6zgy1hxfvkxczipj317s0om10v.jpg,
https://wx2.sinaimg.cn/orj480/007ZLf6zgy1hy90x1e8d4j30nw0k0wf3.jpg,
https://wx2.sinaimg.cn/orj480/007ZLf6zgy1hyotdvw4yzj30zk0k0wgf.jpg,
https://wx2.sinaimg.cn/orj480/007ZLf6zgy1hyur7ng5nzj30x40inte0.jpg,
https://wx2.sinaimg.cn/orj480/007ZLf6zgy1i0s89fn78zj31hc0u0gow.jpg,
https://wx2.sinaimg.cn/orj480/007ZLf6zgy1i19i9n7m8vj31hc0u076p.jpg,
https://wx2.sinaimg.cn/orj480/007ZLf6zly1hwjbcjfaa8j31hc0u0gmx.jpg,
https://wx2.sinaimg.cn/orj480/007ZLf6zly1i5tlvptmfwj31hc0u040z.jpg,
https://wx2.sinaimg.cn/orj480/007ljRmwly1hxnmjjq41nj30u00gv40x.jpg,
https://wx2.sinaimg.cn/orj480/0085Y5nxly1icyc7xv552j30u01hcacm.jpg,
https://wx2.sinaimg.cn/orj480/008D6Seygy1i0q1bu30a3j309e05cq3h.jpg,
https://wx2.sinaimg.cn/orj480/008I9MqZly1i8bw8qjhuwj31hc0u0jvc.jpg,
https://wx2.sinaimg.cn/orj480/008KyLKxly1ic33obu2lkj30u01hcjto.jpg,
https://wx2.sinaimg.cn/orj480/008qrxyxgy1hy5anneohfj30u01d0jvp.jpg,
https://wx2.sinaimg.cn/orj480/008qrxyxgy1hydfscp3p1j30u01hcacp.jpg,
https://wx2.sinaimg.cn/orj480/008sIr7fgy1hwbbmxwswrj30z20jragf.jpg,
https://wx2.sinaimg.cn/orj480/008sIr7fgy1hwxmw7feroj30py0emdjc.jpg,
https://wx2.sinaimg.cn/orj480/008sIr7fgy1hxbhobm7a4j31780u042y.jpg,
https://wx2.sinaimg.cn/orj480/008sIr7fgy1hxuyfbmf2uj31ha0u0woi.jpg,
https://wx2.sinaimg.cn/orj480/008sIr7fgy1i44gt0jqe0j31hc0u1n4y.jpg,
https://wx2.sinaimg.cn/orj480/008w8muKgy1hvkz98n1soj30oo0dq417.jpg,
https://wx2.sinaimg.cn/orj480/008w8muKgy1hwbe352pucj30u00jvwfx.jpg,
https://wx2.sinaimg.cn/orj480/008w8muKgy1hxfwdmd4kdj30om0dwjtr.jpg,
https://wx2.sinaimg.cn/orj480/008w8muKgy1hxk2ezk3ffj30u00mj0tv.jpg,
https://wx2.sinaimg.cn/orj480/008w8muKgy1hz8w1h6gznj30u00n3myu.jpg,
https://wx2.sinaimg.cn/orj480/008w8muKgy1i1ric6qwloj30oo0dm77p.jpg,
https://wx2.sinaimg.cn/orj480/008w8muKgy1i1wunn8lruj30u00gvjsk.jpg,
https://wx2.sinaimg.cn/orj480/008w8muKgy1ibp9hdxfv1j30u00gxq6d.jpg,
https://wx2.sinaimg.cn/orj480/008w8muKly1i58ypb0688j313h0u0gng.jpg,
https://wx2.sinaimg.cn/orj480/6876891ely1hwrl1kc0z8j20qo0f0q3s.jpg,
https://wx2.sinaimg.cn/orj480/6aac5feagy1icvs9xj4frj20k00zktaj.jpg,
https://wx2.sinaimg.cn/orj480/6f0843b2ly1i4disteum6j20zc0lwabj.jpg,
https://wx2.sinaimg.cn/orj480/7e959905gy1hz0inqy6egj21hc0tkgy1.jpg,
https://wx2.sinaimg.cn/orj480/9dd38fb5ly1i34q7gyfmaj21000u0myb.jpg,
https://wx2.sinaimg.cn/orj480/9dd38fb5ly1i5chglhx75j21ge0u0abn.jpg,
https://wx2.sinaimg.cn/orj480/ebcc9c94ly1icwuannpu5j20u01hcq4e.jpg,
https://wx2.sinaimg.cn/orj480/f32cd788ly1ibaul21nayj21hc0u0wff.jpg,
https://wx3.sinaimg.cn/crop.0.19.1620.901/e7cccaa5gy1gdniy9nkmyj21900u0x6f.jpg,
https://wx3.sinaimg.cn/large/001LTF2wly1icuds43ntcj60v91voasf02.jpg,
https://wx3.sinaimg.cn/large/001ks3BOly1icugjr6jsmj60r1121juf02.jpg,
https://wx3.sinaimg.cn/large/001ks3BOly1icugl6dm43j60mr0z7jt302.jpg,
https://wx3.sinaimg.cn/large/001ks3BOly1icugl6ok01j60ta1bzn2e02.jpg,
https://wx3.sinaimg.cn/large/0020LHhfly1icx1nrjno2j60u01sz1fd02.jpg,
https://wx3.sinaimg.cn/large/0020LHhfly1icx1o2dsxwj60u01szayb02.jpg,
https://wx3.sinaimg.cn/large/0020LHhfly1icx27l45ltj61jk223qv602.jpg,
https://wx3.sinaimg.cn/large/005AMyG8gy1icuplk5klqj30xy1f5grr.jpg,
https://wx3.sinaimg.cn/large/005KUU1vgy1i5mnjo6jgwj30xc18dn6y.jpg,
https://wx3.sinaimg.cn/large/005KUU1vgy1i5mnkc9hj9j30rs1crwj5.jpg,
https://wx3.sinaimg.cn/large/005KdKkTgy1hvok6q6abtj30xw1960wt.jpg,
https://wx3.sinaimg.cn/large/005KdKkTgy1hw7ju6asb4g30fa0ep1l3.gif,
https://wx3.sinaimg.cn/large/005KdKkTgy1hw7jugfzecg30ct0ci7wj.gif,
https://wx3.sinaimg.cn/large/005KdKkTgy1hw7p5oxk7og30bi07fb2g.gif,
https://wx3.sinaimg.cn/large/005KdKkTgy1hw7p5y1figg30d2090e86.gif,
https://wx3.sinaimg.cn/large/005KdKkTgy1hwx34wnoubg30c308mkjt.gif,
https://wx3.sinaimg.cn/large/005KdKkTgy1hxfsmgcxeug30ix0e7he1.gif,
https://wx3.sinaimg.cn/large/005KdKkTgy1hy5kg1gjn5j30u01oaae5.jpg,
https://wx3.sinaimg.cn/large/005KdKkTgy1hylqoa3n0ej31o06hpnpd.jpg,
https://wx3.sinaimg.cn/large/005KdKkTgy1hylqoaldqdj31o00xrahy.jpg,
https://wx3.sinaimg.cn/large/005KdKkTgy1i0bkt44klhg30fa0bge89.gif,
https://wx3.sinaimg.cn/large/005Q2lGJgy1i6f7362rfcj330b45skjm.jpg,
https://wx3.sinaimg.cn/large/005T06oZly1hy6ed372ibj30xi0r3myq.jpg,
https://wx3.sinaimg.cn/large/005T06oZly1i14d44hf5qj3140140wj2.jpg,
https://wx3.sinaimg.cn/large/005XuxSMly1icvl2x920gj33917b6qvj.jpg,
https://wx3.sinaimg.cn/large/005XuxSMly1icvl4jbi3wj34oqcn3kk2.jpg,
https://wx3.sinaimg.cn/large/005XuxSMly1icvl4rsp41j32vb66px6x.jpg,
https://wx3.sinaimg.cn/large/005vhJLPgy1hyuuapwioqj30uh0xowhb.jpg,
https://wx3.sinaimg.cn/large/005vhJLPgy1ibf1lqhoxwj30wi17etb9.jpg,
https://wx3.sinaimg.cn/large/005vhJLPgy1ibf1lqvzapj30wi0x5jtk.jpg,
https://wx3.sinaimg.cn/large/0061KDWxgy1hxfw6vrhsej31kw12knc7.jpg,
https://wx3.sinaimg.cn/large/0063ZBshgy1hw2zqu12tkj313f1gkjyq.jpg,
https://wx3.sinaimg.cn/large/0063ZBshgy1i1blx31mecj30u00u0wh3.jpg,
https://wx3.sinaimg.cn/large/0063ZBshgy1i1bmhdc8ntj30wr1l7ts4.jpg,
https://wx3.sinaimg.cn/large/0067UQUkly1iconsyw808j30wi0gstbb.jpg,
https://wx3.sinaimg.cn/large/0067UQUkly1iconszvkloj30wi1ije3c.jpg,
https://wx3.sinaimg.cn/large/006AblOugy1iczloanf3sj347s6bkqvd.jpg,
https://wx3.sinaimg.cn/large/006E6S9Bly1icvskx8ufij311y0k0wnj.jpg,
https://wx3.sinaimg.cn/large/006E6S9Bly1icvskx9qmbj311y0nbk93.jpg,
https://wx3.sinaimg.cn/large/006HIe1Wgy1hvncxmxwbxj31401e0gre.jpg,
https://wx3.sinaimg.cn/large/006Kn1mIgy1icto1voom9j34a02n07wn.jpg,
https://wx3.sinaimg.cn/large/006Kn1mIgy1icto2hb7buj31p12jdhdv.jpg,
https://wx3.sinaimg.cn/large/006Kn1mIgy1icto33g4o6j34a12ux4qw.jpg,
https://wx3.sinaimg.cn/large/006NwJMdgy1i8d0fxwsasj30u00j7q58.jpg,
https://wx3.sinaimg.cn/large/006NwJMdgy1i8d0fy73e8j30u00lygov.jpg,
https://wx3.sinaimg.cn/large/006NwJMdgy1i8d0g4rkg0j30u00jlmzc.jpg,
https://wx3.sinaimg.cn/large/006QjcL0gy1hxulhu20cbj30e9050dgh.jpg,
https://wx3.sinaimg.cn/large/006QjcL0gy1hzm03l5ygxj30u011itc6.jpg,
https://wx3.sinaimg.cn/large/006QjcL0gy1hzm03sz2p9j30u011i0vy.jpg,
https://wx3.sinaimg.cn/large/006nChWply1iakxlg4r46j331b5edkjq.jpg,
https://wx3.sinaimg.cn/large/006nChWply1iakxmvywl1j324o3sbb2c.jpg,
https://wx3.sinaimg.cn/large/006oxxLdly1ictp9ocxumj31b81yuqpy.jpg,
https://wx3.sinaimg.cn/large/006pQTe9gy1hx96fjppbdj30jc0fkdi4.jpg,
https://wx3.sinaimg.cn/large/006pQTe9gy1hx96i4sk4ej30zo1v6teu.jpg,
https://wx3.sinaimg.cn/large/006pQTe9gy1hxqdqsnvvlj30ns6zthdt.jpg,
https://wx3.sinaimg.cn/large/006pQTe9gy1hy9zbv5tynj30zo1bnqnf.jpg,
https://wx3.sinaimg.cn/large/006pQTe9gy1hyyes206bsj30zo1m3tm0.jpg,
https://wx3.sinaimg.cn/large/006rUZZfly1ictnwv8cpaj30p00iq40l.jpg,
https://wx3.sinaimg.cn/large/006tS5TFgy1hxcjptgtisj30u01404cj.jpg,
https://wx3.sinaimg.cn/large/006xCBXugy1icwx6x4724j30ew0u0n3y.jpg,
https://wx3.sinaimg.cn/large/006xCBXugy1icwx6zu3ebj30go0ny0vs.jpg,
https://wx3.sinaimg.cn/large/006xeAcvgy1i4eecb115aj31m70wq7da.jpg,
https://wx3.sinaimg.cn/large/006xeAcvgy1i4eecbf4trj31m70wqthk.jpg,
https://wx3.sinaimg.cn/large/006yrtSNly1id0npqim7pj30z00s077t.jpg,
https://wx3.sinaimg.cn/large/006yrtSNly1id0nprbq5kj30z00s00vb.jpg,
https://wx3.sinaimg.cn/large/0072j384gy1icuk4p9al4j30zk0qo45x.jpg,
https://wx3.sinaimg.cn/large/0072j384gy1icuk4rvqxwj333413sx6r.jpg,
https://wx3.sinaimg.cn/large/0072j384gy1icuk4sadvfj31z40xih0s.jpg,
https://wx3.sinaimg.cn/large/0074VaHDgy1hywu8qkr97j30u00u076y.jpg,
https://wx3.sinaimg.cn/large/0074VaHDgy1hywu8u5uvnj30jg0jgdgv.jpg,
https://wx3.sinaimg.cn/large/0074VaHDgy1hywu8up4ssj30kg0kgaaz.jpg,
https://wx3.sinaimg.cn/large/0074VaHDgy1hywu8wztg0j30go0goq3x.jpg,
https://wx3.sinaimg.cn/large/00754myjgy1icueogqcalj30v91vows8.jpg,
https://wx3.sinaimg.cn/large/00754myjgy1icunkjxrspj30wi19544e.jpg,
https://wx3.sinaimg.cn/large/00754myjgy1icunkkhfpbj30xi0re786.jpg,
https://wx3.sinaimg.cn/large/00754myjgy1icunkov33fj335w35wnpd.jpg,
https://wx3.sinaimg.cn/large/00754myjgy1icunkq2tj6j315o2c8tjv.jpg,
https://wx3.sinaimg.cn/large/00754myjgy1icvp6iyj1xj30xi11a4an.jpg,
https://wx3.sinaimg.cn/large/00754myjgy1icvw2d6i5dj33c03c0nkh.jpg,
https://wx3.sinaimg.cn/large/00754myjgy1icvw3tv92tj33c03c01gh.jpg,
https://wx3.sinaimg.cn/large/00754myjgy1icwxafydovj30u00u4n2r.jpg,
https://wx3.sinaimg.cn/large/00754myjgy1icwxag898kj30k00sugp2.jpg,
https://wx3.sinaimg.cn/large/00754myjgy1icx0n4q0xkj30xi0gpjvv.jpg,
https://wx3.sinaimg.cn/large/00792LBbly1icuwg5j94aj30zu1bsjz9.jpg,
https://wx3.sinaimg.cn/large/00792LBbly1icux07by0kj30wr0wqtd3.jpg,
https://wx3.sinaimg.cn/large/00792LBbly1icux07wey4j30wr0wkaey.jpg,
https://wx3.sinaimg.cn/large/007EKmk9gy1i0z35l81ryj319i1kw10p.jpg,
https://wx3.sinaimg.cn/large/007EUOOCly1icvv8rdw47j31jk2bce81.jpg,
https://wx3.sinaimg.cn/large/007EUOOCly1icvv8zam4qj31jk2bex6p.jpg,
https://wx3.sinaimg.cn/large/007VZCfNgy1hziia7qfm4j30u0140q73.jpg,
https://wx3.sinaimg.cn/large/007WuwI6gy1i4sm9rs766j31pu1c21kx.jpg,
https://wx3.sinaimg.cn/large/007WuwI6ly1i5w4lfubd2j30xi16uwlp.jpg,
https://wx3.sinaimg.cn/large/007XJa9ngy1ibfo6o6vy6j30wb0wbgtv.jpg,
https://wx3.sinaimg.cn/large/007ZLf6zgy1hwiuaqvkrhj31400u0ng2.jpg,
https://wx3.sinaimg.cn/large/007ZLf6zgy1hwiuaqwr19j31400u0qmt.jpg,
https://wx3.sinaimg.cn/large/007ZLf6zgy1hxyck3qurfj316o1kwn8p.jpg,
https://wx3.sinaimg.cn/large/007ZLf6zgy1hxye1gts8xj30v90domzd.jpg,
https://wx3.sinaimg.cn/large/007ZLf6zgy1hynrz2jnd8j30v90fbq6m.jpg,
https://wx3.sinaimg.cn/large/007ZLf6zgy1hzj2azr4x3j31gs0z77tv.jpg,
https://wx3.sinaimg.cn/large/007ZplmDgy1i4i61w6yr5j30m00gz411.jpg,
https://wx3.sinaimg.cn/large/007a5zVOly1ibh0814ie3j315o15oajp.jpg,
https://wx3.sinaimg.cn/large/007ehtjkly1icwwk6le88j30qo0qo41z.jpg,
https://wx3.sinaimg.cn/large/007gLGJIly1icyamtol74j31vc2t07wh.jpg,
https://wx3.sinaimg.cn/large/007wlOVpgy1i7oxqvj3jnj30qo0r042f.jpg,
https://wx3.sinaimg.cn/large/007wlOVpgy1i7oxqx2242j30sq0qoael.jpg,
https://wx3.sinaimg.cn/large/007wlOVpgy1i7oxqylxl1j30qo0r3775.jpg,
https://wx3.sinaimg.cn/large/007z4uQmgy1ica1nr4tmjj30xb18zhdt.jpg,
https://wx3.sinaimg.cn/large/0080f7JZgy1i2snnru026j30qy0zsq5f.jpg,
https://wx3.sinaimg.cn/large/0082bkAWgy1ictuhe60d8j32xu4eox6x.jpg,
https://wx3.sinaimg.cn/large/0082bkAWly1ictngbwyhtj347s6bkkjr.jpg,
https://wx3.sinaimg.cn/large/0082bkAWly1ictnqlaeujj347s6bke8k.jpg,
https://wx3.sinaimg.cn/large/0082bkAWly1ictokwzxxxj32xu4eohe1.jpg,
https://wx3.sinaimg.cn/large/0082bkAWly1ictol4cs9dj34eo2xue89.jpg,
https://wx3.sinaimg.cn/large/0082bkAWly1ictolbhv5pj30zk1hbwj6.jpg,
https://wx3.sinaimg.cn/large/0082bkAWly1icvmwfaps0j34eo2xuqvd.jpg,
https://wx3.sinaimg.cn/large/0082bkAWly1icvmzirtu1j33lm5eb4r5.jpg,
https://wx3.sinaimg.cn/large/0082bkAWly1icvn0p5vbej33lm5ebx6z.jpg,
https://wx3.sinaimg.cn/large/0082bkAWly1icvn2aa99ij33lm5ebqvf.jpg,
https://wx3.sinaimg.cn/large/008475LKly1ibjo4abwhrj34bu2tdqv5.jpg,
https://wx3.sinaimg.cn/large/008475LKly1ibjo4b6ar5j33tg2jn1ky.jpg,
https://wx3.sinaimg.cn/large/008475LKly1ibjo4cglcaj356o3ggqv7.jpg,
https://wx3.sinaimg.cn/large/008475LKly1ibjo4d09vbj31jk111nar.jpg,
https://wx3.sinaimg.cn/large/008475LKly1ibjo4dwmkfj31900u0n4h.jpg,
https://wx3.sinaimg.cn/large/0087eEeUly1icr9558qx3j30x018aamc.jpg,
https://wx3.sinaimg.cn/large/0087eEeUly1icwwtd36dxj30sg0sgtas.jpg,
https://wx3.sinaimg.cn/large/008ACtuigy1ictslsta2qj31kl2cwnpd.jpg,
https://wx3.sinaimg.cn/large/008ACtuigy1ictsm3dhudj31xr2wnhdu.jpg,
https://wx3.sinaimg.cn/large/008ACtuigy1ictsmjo18wj31wf2unb2a.jpg,
https://wx3.sinaimg.cn/large/008ADdAkgy1icx2vgad02j30u01uowff.jpg,
https://wx3.sinaimg.cn/large/008CJYjvgy1hxuywu8n63j33342bc1ky.jpg,
https://wx3.sinaimg.cn/large/008D6Seygy1hzwo3m67fej316o1kwaq0.jpg,
https://wx3.sinaimg.cn/large/008D6Seygy1i0l5zha558j31kw11yk5p.jpg,
https://wx3.sinaimg.cn/large/008ElfIIgy1icivztc0iqj30hx0v976u.jpg,
https://wx3.sinaimg.cn/large/008ElfIIgy1iciw1ig897j30hx0uiabw.jpg,
https://wx3.sinaimg.cn/large/008ElfIIgy1iciw5qb37jj30j40u0dim.jpg,
https://wx3.sinaimg.cn/large/008G5Mg5gy1ictmy1v2jpj30vf17cq86.jpg,
https://wx3.sinaimg.cn/large/008IbghKgy1icvofskouoj30xi1d3ndb.jpg,
https://wx3.sinaimg.cn/large/008JYE1Wgy1icvvu4oi2pj310o0ppwiz.jpg,
https://wx3.sinaimg.cn/large/008K0InCgy1icxziutse5j30wi0djgqf.jpg,
https://wx3.sinaimg.cn/large/008KcyyYgy1ibqjdlth7vj315l1qenky.jpg,
https://wx3.sinaimg.cn/large/008KcyyYgy1ibqjdude69j31da21x4qp.jpg,
https://wx3.sinaimg.cn/large/008a581ily1icyanku86kj32aw3gc4qz.jpg,
https://wx3.sinaimg.cn/large/008a581ily1icyanoddywj33344moqv9.jpg,
https://wx3.sinaimg.cn/large/008a581ily1icyanrsweqj321p32kqv6.jpg,
https://wx3.sinaimg.cn/large/008a581ily1icyansriiqj321031hnpe.jpg,
https://wx3.sinaimg.cn/large/008amFFygy1icxtj29bv8j31kx1kx4ki.jpg,
https://wx3.sinaimg.cn/large/008audW7gy1hn5pqzdg7tj30hs0r9q5c.jpg,
https://wx3.sinaimg.cn/large/008audW7gy1hn5pr3tyhuj30r11bedjb.jpg,
https://wx3.sinaimg.cn/large/008audW7gy1hn5pru3whsj30wi14kakl.jpg,
https://wx3.sinaimg.cn/large/008fUz77gy1ictvafzsvmj33se5okx6u.jpg,
https://wx3.sinaimg.cn/large/008fUz77gy1ictvb498ymj33cr5147wm.jpg,
https://wx3.sinaimg.cn/large/008fUz77gy1ictvbiwki3j326j39se83.jpg,
https://wx3.sinaimg.cn/large/008fUz77ly1ib7ys2klilj32vt4bu1l1.jpg,
https://wx3.sinaimg.cn/large/008fUz77ly1ib7ys6ag4yj349m2ue7wl.jpg,
https://wx3.sinaimg.cn/large/008fUz77ly1ib7ys8q04qj32xk1ydkjm.jpg,
https://wx3.sinaimg.cn/large/008fUz77ly1ib7yshcg7sj33334mmqv7.jpg,
https://wx3.sinaimg.cn/large/008jSAcHgy1icwxomczolg308c09bb29.gif,
https://wx3.sinaimg.cn/large/008lCb95gy1ictpsrgmraj30k00u0tad.jpg,
https://wx3.sinaimg.cn/large/008ltuikgy1gz59ldj191j31f21zkqv5.jpg,
https://wx3.sinaimg.cn/large/008ltuikgy1gz59lgzrnkj31bm1zk4qp.jpg,
https://wx3.sinaimg.cn/large/008ltuikgy1i22e2o07mkj31sc2dsqv6.jpg,
https://wx3.sinaimg.cn/large/008ltuikgy1i22e3gngbrj31sc2ds7wi.jpg,
https://wx3.sinaimg.cn/large/008ltuikgy1i22e3we5gij31sc2dsb2a.jpg,
https://wx3.sinaimg.cn/large/008ltuikgy1i22e3zk6ppj31sc2dskjm.jpg,
https://wx3.sinaimg.cn/large/008ltuikgy1i22e42ef09j31sc2dsb2a.jpg,
https://wx3.sinaimg.cn/large/008ltuikgy1i22e4ed5y3j31sc2ds7wi.jpg,
https://wx3.sinaimg.cn/large/008ltuikgy1icuia5hvn8j366w44onpe.jpg,
https://wx3.sinaimg.cn/large/008ltuikgy1icuib7qsu8j33xc2m8e86.jpg,
https://wx3.sinaimg.cn/large/008ltuikly1i0apoodmfgj32tc4807wj.jpg,
https://wx3.sinaimg.cn/large/008ltuikly1i0app0gd0lj32ad3fkx6s.jpg,
https://wx3.sinaimg.cn/large/008ltuikly1i0app6aboyj32tc480b2b.jpg,
https://wx3.sinaimg.cn/large/008ltuikly1i0appblkx2j32c0340kjm.jpg,
https://wx3.sinaimg.cn/large/008ltuikly1i0apqibonuj32c0340e84.jpg,
https://wx3.sinaimg.cn/large/008ltuikly1ic7sn4pqhpj31ha1z47lu.jpg,
https://wx3.sinaimg.cn/large/008ltuikly1ic7sn5xptzj31ha1z4k93.jpg,
https://wx3.sinaimg.cn/large/008ltuikly1iccav4jcdsj323u35s4qq.jpg,
https://wx3.sinaimg.cn/large/008ltuikly1iccav7v3p2j335s23ub2a.jpg,
https://wx3.sinaimg.cn/large/008ltuikly1iccav8ymg6j323u35s4qq.jpg,
https://wx3.sinaimg.cn/large/008ltuikly1icmvfcc96hj31hc1z4qdi.jpg,
https://wx3.sinaimg.cn/large/008ltuikly1icmvfe2t4hj31hc1z4132.jpg,
https://wx3.sinaimg.cn/large/008ltuikly1icp02en7w7j344k66qnpn.jpg,
https://wx3.sinaimg.cn/large/008ltuikly1icp02v9b85j345867rhe8.jpg,
https://wx3.sinaimg.cn/large/008ltuikly1icp049f2a1j352t3t47wp.jpg,
https://wx3.sinaimg.cn/large/008ltuikly1icp04h782wj344l66she3.jpg,
https://wx3.sinaimg.cn/large/008ltuikly1icuv1xrdcfj3223334u0y.jpg,
https://wx3.sinaimg.cn/large/008ltuikly1icuv236lzyj3334223b2b.jpg,
https://wx3.sinaimg.cn/large/008ltuikly1icuv25xxvzj32ed3ljx6r.jpg,
https://wx3.sinaimg.cn/large/008ltuikly1icuv27eiugj32e43l57wk.jpg,
https://wx3.sinaimg.cn/large/008ltuikly1iczlb1zprpj335s47s1l0.jpg,
https://wx3.sinaimg.cn/large/008ltuikly1iczlb72qpfj347s6bkx6x.jpg,
https://wx3.sinaimg.cn/large/008ltuikly1iczlb9tm7hj31wq2v0b29.jpg,
https://wx3.sinaimg.cn/large/008ltuikly1iczlbfowtlj323w35shdt.jpg,
https://wx3.sinaimg.cn/large/008ltuikly1iczlbgzpwaj31zh2z3kjl.jpg,
https://wx3.sinaimg.cn/large/008ltuikly1id0e170vozj32bc2xk4qw.jpg,
https://wx3.sinaimg.cn/large/008p2wVTly1iberwpv6gwj30ii0iijuq.jpg,
https://wx3.sinaimg.cn/large/008p2wVTly1iberwsjmy3j30e035saq7.jpg,
https://wx3.sinaimg.cn/large/008p2wVTly1iberzn2z7mj30sg0sgwjy.jpg,
https://wx3.sinaimg.cn/large/008sIr7fgy1hx9wyquvivj32og1sgu0x.jpg,
https://wx3.sinaimg.cn/large/008sIr7fgy1hxa4q49vyaj32og1sgnpd.jpg,
https://wx3.sinaimg.cn/large/008sIr7fgy1hxa4q995u0j32og1sge81.jpg,
https://wx3.sinaimg.cn/large/008sIr7fgy1hxa4qcs2agj32og1sge81.jpg,
https://wx3.sinaimg.cn/large/008sIr7fgy1hxa4qgdougj32og1sge81.jpg,
https://wx3.sinaimg.cn/large/008sIr7fgy1hxfwtoqcn2j30od0od40b.jpg,
https://wx3.sinaimg.cn/large/008sIr7fgy1hxfwtpd0hyj30wh0svjt7.jpg,
https://wx3.sinaimg.cn/large/008sIr7fgy1hxnwl1qym4j30mz0du76x.jpg,
https://wx3.sinaimg.cn/large/008sIr7fgy1hysj7dfvrjj30wq0yewnk.jpg,
https://wx3.sinaimg.cn/large/008sIr7fgy1i00kfanr7dj311x1kwn3o.jpg,
https://wx3.sinaimg.cn/large/008w8muKgy1hv3javzr85j30g00esgme.jpg,
https://wx3.sinaimg.cn/large/008w8muKgy1hvkw6wpcnxj30ru0foq6d.jpg,
https://wx3.sinaimg.cn/large/008w8muKgy1hvkwqpwz7lj30ru0fo78w.jpg,
https://wx3.sinaimg.cn/large/008w8muKgy1hvzx69r6cej30qo0k0jt5.jpg,
https://wx3.sinaimg.cn/large/008w8muKgy1hw1r05n8b1j30pi099dgz.jpg,
https://wx3.sinaimg.cn/large/008w8muKgy1hw1r067q2gj30kg0l50vj.jpg,
https://wx3.sinaimg.cn/large/008w8muKgy1hx7tdmf8w8g30a00a00tl.gif,
https://wx3.sinaimg.cn/large/008w8muKgy1hx9lcjfhasj30s20lntan.jpg,
https://wx3.sinaimg.cn/large/008w8muKgy1hx9lcke60wj30rx0ly3zt.jpg,
https://wx3.sinaimg.cn/large/008w8muKgy1hx9lcy5uamj30le0rbq4z.jpg,
https://wx3.sinaimg.cn/large/008w8muKgy1hx9lcyk2p4j30lb0rhq4r.jpg,
https://wx3.sinaimg.cn/large/008w8muKgy1hxb6vlk7pgj30su0fo3zy.jpg,
https://wx3.sinaimg.cn/large/008w8muKgy1hxcbha7j87j30su0fo40y.jpg,
https://wx3.sinaimg.cn/large/008w8muKgy1hxfsynfzxtj30s40fomyp.jpg,
https://wx3.sinaimg.cn/large/008w8muKgy1hxfwbd9p0ij30s40fo0u1.jpg,
https://wx3.sinaimg.cn/large/008w8muKgy1hxfwqz7cmdj30s20gk41d.jpg,
https://wx3.sinaimg.cn/large/008w8muKgy1hxuu7uu7w8j30ru0fowg4.jpg,
https://wx3.sinaimg.cn/large/008w8muKgy1hy574476iij314m0mpjv7.jpg,
https://wx3.sinaimg.cn/large/008w8muKgy1hya1pmzmx6j30kg0f50ub.jpg,
https://wx3.sinaimg.cn/large/008w8muKgy1hyjed9cnenj310o1t6wqq.jpg,
https://wx3.sinaimg.cn/large/008w8muKgy1hyreutpd6bj317l1kwqqc.jpg,
https://wx3.sinaimg.cn/large/008w8muKgy1hyreux8hm0j30zu1b511y.jpg,
https://wx3.sinaimg.cn/large/008w8muKgy1hyusx2mw9gj31kw11ywpj.jpg,
https://wx3.sinaimg.cn/large/008w8muKgy1hyut8r3z03j311y1kwdlm.jpg,
https://wx3.sinaimg.cn/large/008w8muKgy1hyut99csyuj311y1kwdlk.jpg,
https://wx3.sinaimg.cn/large/008w8muKgy1hzk2whgh9rj30ic0mx0we.jpg,
https://wx3.sinaimg.cn/large/008w8muKgy1hznfic6vqyj30u011iq7h.jpg,
https://wx3.sinaimg.cn/large/008w8muKgy1hznficlrlyj30u011idk3.jpg,
https://wx3.sinaimg.cn/large/008w8muKgy1hzrsj0jbgdj30u016ik2f.jpg,
https://wx3.sinaimg.cn/large/008w8muKgy1i002q90q7mj31900u0k08.jpg,
https://wx3.sinaimg.cn/large/008w8muKgy1i002qfgvbnj31900u0n4t.jpg,
https://wx3.sinaimg.cn/large/008w8muKgy1i0s73bn0m9j30ru0fo40l.jpg,
https://wx3.sinaimg.cn/large/008w8muKgy1i1892xubppj30zk0k0djp.jpg,
https://wx3.sinaimg.cn/large/008w8muKgy1i18bmebgbhj31bf0rgn3i.jpg,
https://wx3.sinaimg.cn/large/008w8muKgy1i1llyw5lvwj30u0115q8o.jpg,
https://wx3.sinaimg.cn/large/008w8muKgy1i35aqok5fej30oz0ewdhc.jpg,
https://wx3.sinaimg.cn/large/008w8muKgy1i58yjp0kpnj30o60k0q4k.jpg,
https://wx3.sinaimg.cn/large/008w8muKgy1i5sbe6qqi6j30rt0g0q49.jpg,
https://wx3.sinaimg.cn/large/008w8muKgy1i6eibd8k23j30ru0foju5.jpg,
https://wx3.sinaimg.cn/large/008w8muKgy1i83top3px1j31kw11z10y.jpg,
https://wx3.sinaimg.cn/large/008w8muKgy1iau2ng45mdj31b91r0kcr.jpg,
https://wx3.sinaimg.cn/large/008w8muKgy1ibc5fbz05pj316o1kwnc0.jpg,
https://wx3.sinaimg.cn/large/008w8muKgy1ibc5fd6z9sj31kw0w07bs.jpg,
https://wx3.sinaimg.cn/large/008w8muKly1hwdu6t8tuuj30rs0kuacc.jpg,
https://wx3.sinaimg.cn/large/008w8muKly1hxkeyhyrqgj30rt0fodh2.jpg,
https://wx3.sinaimg.cn/large/008w8muKly1hy5kb2xgvsj30vj0fqgn0.jpg,
https://wx3.sinaimg.cn/large/008wWnj4gy1i80e2u1j4nj30wi1frq8k.jpg,
https://wx3.sinaimg.cn/large/008wWnj4gy1i80e8kobt6j30wi0p0104.jpg,
https://wx3.sinaimg.cn/large/008wWnj4gy1i81o2mozamj319i1kwtmq.jpg,
https://wx3.sinaimg.cn/large/008wWnj4gy1i829bvtqn0j313i13iaeq.jpg,
https://wx3.sinaimg.cn/large/008wWnj4gy1i82akzkvd9j30w70aejtg.jpg,
https://wx3.sinaimg.cn/large/008wWnj4gy1i82e13f8hlj30xdcmxhdy.jpg,
https://wx3.sinaimg.cn/large/008wWnj4gy1i82edi4ywyj30wi0t8qj0.jpg,
https://wx3.sinaimg.cn/large/008wWnj4gy1i82erqil6xj30x67bze83.jpg,
https://wx3.sinaimg.cn/large/008wWnj4gy1i82erv2p1gj30x62sqb29.jpg,
https://wx3.sinaimg.cn/large/008wWnj4gy1i82f0d1okej30wi1crwha.jpg,
https://wx3.sinaimg.cn/large/008wWnj4gy1i82oxwkbqqj30wi0eo0xa.jpg,
https://wx3.sinaimg.cn/large/008wWnj4gy1i82sfbznwvj30l10aadh2.jpg,
https://wx3.sinaimg.cn/large/008wWnj4gy1i83ezhx0uaj30wi0wigol.jpg,
https://wx3.sinaimg.cn/large/008wWnj4gy1i84hmaoztyj30e70e7mym.jpg,
https://wx3.sinaimg.cn/large/008wWnj4ly1hvlxqq4kplj310qbe8kjo.jpg,
https://wx3.sinaimg.cn/large/008wWnj4ly1hvlxqqyttmj310ebv4hdw.jpg,
https://wx3.sinaimg.cn/large/008wWnj4ly1hvxam8roizj335s23unpd.jpg,
https://wx3.sinaimg.cn/large/008wWnj4ly1hvxroohq9oj30u01gz471.jpg,
https://wx3.sinaimg.cn/large/008wWnj4ly1hwg6pu0lpxj30go0ejmyr.jpg,
https://wx3.sinaimg.cn/large/008wWnj4ly1hwjm61is2sj31t00u0qcl.jpg,
https://wx3.sinaimg.cn/large/008wWnj4ly1hxiegng82rj30rw15uacv.jpg,
https://wx3.sinaimg.cn/large/008wWnj4ly1hxiegp7fsbj30s1162goj.jpg,
https://wx3.sinaimg.cn/large/008wWnj4ly1hxtf325tbfj30ta0dzjv7.jpg,
https://wx3.sinaimg.cn/large/008wWnj4ly1hxu047v6nzj30tu08bwgd.jpg,
https://wx3.sinaimg.cn/large/008wWnj4ly1hy1yd9f15bj31t00u0k5e.jpg,
https://wx3.sinaimg.cn/large/008wWnj4ly1hy2h7qwt18j30s704iq46.jpg,
https://wx3.sinaimg.cn/large/008wWnj4ly1hyc7b59aq3j30uf0gw77d.jpg,
https://wx3.sinaimg.cn/large/008wWnj4ly1hyjbh43ypbj31t02pnhdu.jpg,
https://wx3.sinaimg.cn/large/008wWnj4ly1hyjfi5qudcj31t00u0wjy.jpg,
https://wx3.sinaimg.cn/large/008wWnj4ly1hyjybmbjbdj30u00bmjuq.jpg,
https://wx3.sinaimg.cn/large/008wWnj4ly1hyvqde5y5hj30u01t0nd7.jpg,
https://wx3.sinaimg.cn/large/008wWnj4ly1hz46ixsijhj30rf0av7bo.jpg,
https://wx3.sinaimg.cn/large/008wWnj4ly1hz5xe041hnj31ku1kw129.jpg,
https://wx3.sinaimg.cn/large/008wWnj4ly1hz775nunyrj30u02irdo6.jpg,
https://wx3.sinaimg.cn/large/008wWnj4ly1hz9lc69qtxj31kw11xn51.jpg,
https://wx3.sinaimg.cn/large/008wWnj4ly1hz9ldq5ugjj30tz0qr7d2.jpg,
https://wx3.sinaimg.cn/large/008wWnj4ly1hz9ldqouq5j30tl0ezjxd.jpg,
https://wx3.sinaimg.cn/large/008wWnj4ly1hzj4lmxq6cj30xb0m8gpd.jpg,
https://wx3.sinaimg.cn/large/008wWnj4ly1hzj4qxxm9sj31e00xde0a.jpg,
https://wx3.sinaimg.cn/large/008wWnj4ly1hzj4qyv7ipj335s23wb29.jpg,
https://wx3.sinaimg.cn/large/008wWnj4ly1hzj4sbq6o3j30yi0m7q6l.jpg,
https://wx3.sinaimg.cn/large/008wWnj4ly1hzkvpto6s3j31t02i0npe.jpg,
https://wx3.sinaimg.cn/large/008wWnj4ly1hztldi2kcpj30u00u2agq.jpg,
https://wx3.sinaimg.cn/large/008wWnj4ly1hztldig9yzj31400u0wlk.jpg,
https://wx3.sinaimg.cn/large/008wWnj4ly1i03iq6wzg0j31t02i07wi.jpg,
https://wx3.sinaimg.cn/large/008wWnj4ly1i03zle1anxj31t00u012d.jpg,
https://wx3.sinaimg.cn/large/008wWnj4ly1i03zleih0zj31t00u013n.jpg,
https://wx3.sinaimg.cn/large/008wWnj4ly1i04q64z3ylj31t00u046i.jpg,
https://wx3.sinaimg.cn/large/008wWnj4ly1i06ywterlgj30lu0o0n3d.jpg,
https://wx3.sinaimg.cn/large/008wWnj4ly1i0ldu4dly6j30b7041dgi.jpg,
https://wx3.sinaimg.cn/large/008wWnj4ly1i0s2csmqtfj30jx0nkwie.jpg,
https://wx3.sinaimg.cn/large/008wWnj4ly1i14fi1z7ksj30u00u0dru.jpg,
https://wx3.sinaimg.cn/large/008wWnj4ly1i1bnc3fqu3j30qy1fidlh.jpg,
https://wx3.sinaimg.cn/large/008wWnj4ly1i1bt5e4eyoj30u00mqq5r.jpg,
https://wx3.sinaimg.cn/large/008wWnj4ly1i1bth8lggoj30ti13113q.jpg,
https://wx3.sinaimg.cn/large/008wWnj4ly1i1d6vvv2mtj30zu0vpq57.jpg,
https://wx3.sinaimg.cn/large/008wWnj4ly1i1d6vw4mh2j30sg0nj0ub.jpg,
https://wx3.sinaimg.cn/large/008wWnj4ly1i1d6vwf83rj30zm0va40z.jpg,
https://wx3.sinaimg.cn/large/008wWnj4ly1i1d6vwuppaj30tq0wyqgj.jpg,
https://wx3.sinaimg.cn/large/008wWnj4ly1i1eikl4nuxj30u01lbtfp.jpg,
https://wx3.sinaimg.cn/large/008wWnj4ly1i1iy7uh1ogj31t00u0dl7.jpg,
https://wx3.sinaimg.cn/large/008wWnj4ly1i1jtdv9qe1j31kw11kdrl.jpg,
https://wx3.sinaimg.cn/large/008wWnj4ly1i1jw1iweghj31n72gs4gv.jpg,
https://wx3.sinaimg.cn/large/008wWnj4ly1i1jw1jjsopj31n72gs1a2.jpg,
https://wx3.sinaimg.cn/large/008wWnj4ly1i1jw1k5qkgj30tz0yudw7.jpg,
https://wx3.sinaimg.cn/large/008wWnj4ly1i1n34qcsxpj31so158qv5.jpg,
https://wx3.sinaimg.cn/large/008wWnj4ly1i1wehnpi5fj30qy1fsdlr.jpg,
https://wx3.sinaimg.cn/large/008wWnj4ly1i1y3i3kw90g30g20g1npe.gif,
https://wx3.sinaimg.cn/large/008wWnj4ly1i2aax5ghwpj30u01t07fk.jpg,
https://wx3.sinaimg.cn/large/008wWnj4ly1i2mh5ipkh6j30u00xi79s.jpg,
https://wx3.sinaimg.cn/large/008wWnj4ly1i2p2s14afkj30u01np7aj.jpg,
https://wx3.sinaimg.cn/large/008wWnj4ly1i2zpzsg44wj30us15111o.jpg,
https://wx3.sinaimg.cn/large/008wWnj4ly1i3oe1be5lvj30ha0oatck.jpg,
https://wx3.sinaimg.cn/large/008wWnj4ly1i4vm6vh7fxj31o06omb29.jpg,
https://wx3.sinaimg.cn/large/008wWnj4ly1i4w9j7gwvnj30to0m7111.jpg,
https://wx3.sinaimg.cn/large/008wWnj4ly1i4woakh1xhj30fo02hjrk.jpg,
https://wx3.sinaimg.cn/large/008wWnj4ly1i5fejh5k81j31az46fnpd.jpg,
https://wx3.sinaimg.cn/large/008wWnj4ly1i5pu3w01wnj30wi1cwk03.jpg,
https://wx3.sinaimg.cn/large/008wWnj4ly1i5to18ttn2j30wi0j4wjy.jpg,
https://wx3.sinaimg.cn/large/008wWnj4ly1i5v0t4os7sj31yc0wiwj6.jpg,
https://wx3.sinaimg.cn/large/008wWnj4ly1i65w5ck39gj311y1kwaix.jpg,
https://wx3.sinaimg.cn/large/008wWnj4ly1i67vw0mb7gj31kw0w1jya.jpg,
https://wx3.sinaimg.cn/large/008wWnj4ly1i6az47dcmkj30wi0k0gr4.jpg,
https://wx3.sinaimg.cn/large/008wWnj4ly1i6az47mim8j30wi0d276a.jpg,
https://wx3.sinaimg.cn/large/008wWnj4ly1i6k8n7r0ypj31401z44a4.jpg,
https://wx3.sinaimg.cn/large/008wWnj4ly1i6k9o12u42j31hc0u0dmi.jpg,
https://wx3.sinaimg.cn/large/008wWnj4ly1i6kais4ex8j30ts0k0q4x.jpg,
https://wx3.sinaimg.cn/large/008wWnj4ly1i6kdc9k4tfj31a40u0jxl.jpg,
https://wx3.sinaimg.cn/large/008wWnj4ly1i6lguhkaykj30wi0ak40y.jpg,
https://wx3.sinaimg.cn/large/008wWnj4ly1i6xam75ev0j30wi13zgt7.jpg,
https://wx3.sinaimg.cn/large/008wWnj4ly1i7aczr1gknj30wi0miafr.jpg,
https://wx3.sinaimg.cn/large/008wWnj4ly1i7aykpgesaj30ol0bbaaw.jpg,
https://wx3.sinaimg.cn/large/008wWnj4ly1i7bra6a6ndj30wi0spagz.jpg,
https://wx3.sinaimg.cn/large/008wWnj4ly1i7f2ta6o3xj30wi0dq773.jpg,
https://wx3.sinaimg.cn/large/008wWnj4ly1i7ita22ymbj30oo18v45h.jpg,
https://wx3.sinaimg.cn/large/008wWnj4ly1i7sdfcj9caj30wi0eyabg.jpg,
https://wx3.sinaimg.cn/large/008wWnj4ly1i7vnfvaajej31yc4ii4qq.jpg,
https://wx3.sinaimg.cn/large/008wWnj4ly1i7xvp4fjcbj30wh1lrwtx.jpg,
https://wx3.sinaimg.cn/large/008wWnj4ly1i7xwvn8xp8j30wi1yc1iq.jpg,
https://wx3.sinaimg.cn/large/008wWnj4ly1i7xwvo2v6hj30wi1yctx0.jpg,
https://wx3.sinaimg.cn/large/008wWnj4ly1i7yzg0emvrj30wi1ychdo.jpg,
https://wx3.sinaimg.cn/large/008wWnj4ly1i7zbvxwj2ej30wi0f6q76.jpg,
https://wx3.sinaimg.cn/large/008wWnj4ly1i7zbvy8vowj30wi0fp0xd.jpg,
https://wx3.sinaimg.cn/large/008wWnj4ly1i7zumxkzu7j30wi1cr19b.jpg,
https://wx3.sinaimg.cn/large/008wWnj4ly1i7zumydp2xj30wi1cranz.jpg,
https://wx3.sinaimg.cn/large/008wWnj4ly1i801vkruo9j30wi1ecdxo.jpg,
https://wx3.sinaimg.cn/large/008wWnj4ly1i801vmnz3uj30tm18gwya.jpg,
https://wx3.sinaimg.cn/large/008wWnj4ly1i8040tbgacj31j12eru0x.jpg,
https://wx3.sinaimg.cn/large/008wWnj4ly1i8040un2nlj31if2i0u0x.jpg,
https://wx3.sinaimg.cn/large/008wWnj4ly1i8040zfhq5j31iv2i0npd.jpg,
https://wx3.sinaimg.cn/large/008wWnj4ly1i8055sbqzaj31yc0wihd9.jpg,
https://wx3.sinaimg.cn/large/008wWnj4ly1i8055uvnnoj31yc0winot.jpg,
https://wx3.sinaimg.cn/large/008wWnj4ly1i8055x8gc0j31yc0wiqtr.jpg,
https://wx3.sinaimg.cn/large/008wWnj4ly1i8058j5r3aj31yc0wi1kx.jpg,
https://wx3.sinaimg.cn/large/008wWnj4ly1i807l6d3xgj31yc0wi1kx.jpg,
https://wx3.sinaimg.cn/large/008wWnj4ly1i807lcuet8j31yc0wi1kx.jpg,
https://wx3.sinaimg.cn/large/008wWnj4ly1i8166h3abzj31kw1kwh0n.jpg,
https://wx3.sinaimg.cn/large/008wWnj4ly1i8166irnccj319i1kw49i.jpg,
https://wx3.sinaimg.cn/large/008wWnj4ly1i8166ku7dzj31kw1kwdwq.jpg,
https://wx3.sinaimg.cn/large/008wWnj4ly1i818k0dbftj30vj0nxwmm.jpg,
https://wx3.sinaimg.cn/large/008wWnj4ly1i85xudzi3pj319s0zzjxr.jpg,
https://wx3.sinaimg.cn/large/008wWnj4ly1i8vmdss5jsj30mb0a0dgs.jpg,
https://wx3.sinaimg.cn/large/008wWnj4ly1i9ho8gy7xzj30wi173dp8.jpg,
https://wx3.sinaimg.cn/large/008wWnj4ly1ia9c0j4wnfj314g1oo12a.jpg,
https://wx3.sinaimg.cn/large/008wWnj4ly1iamgo406lhj30wi0w4dkm.jpg,
https://wx3.sinaimg.cn/large/008wWnj4ly1iaxi3yk7owj312l1abduv.jpg,
https://wx3.sinaimg.cn/large/008wWnj4ly1ib2tmdia8yj31yc0wi7wh.jpg,
https://wx3.sinaimg.cn/large/008wWnj4ly1ib45wl7o2yj31ln3mdx6p.jpg,
https://wx3.sinaimg.cn/large/008wWnj4ly1iba8mex07bj31o02yoh3d.jpg,
https://wx3.sinaimg.cn/large/008wWnj4ly1ibb82d0ilvj31hc140qmg.jpg,
https://wx3.sinaimg.cn/large/008wWnj4ly1ibb85hafqrj31hc140qmg.jpg,
https://wx3.sinaimg.cn/large/008wWnj4ly1ibb9t0dq2yj31hc140qft.jpg,
https://wx3.sinaimg.cn/large/008wWnj4ly1ibb9t7b06tj31hc140h16.jpg,
https://wx3.sinaimg.cn/large/008wWnj4ly1ibdm1nsx9mj30l408hq3x.jpg,
https://wx3.sinaimg.cn/large/008wWnj4ly1ibfu2q5pbsj30l70uh7al.jpg,
https://wx3.sinaimg.cn/large/008wWnj4ly1ibfu54s993j316f0u0ne0.jpg,
https://wx3.sinaimg.cn/large/008wWnj4ly1ibfu63q1xrj31mi10u16l.jpg,
https://wx3.sinaimg.cn/large/008wWnj4ly1ibfu7xotw3j30xc0xcdkm.jpg,
https://wx3.sinaimg.cn/large/008wWnj4ly1ibfu7xzpymj31kw16odow.jpg,
https://wx3.sinaimg.cn/large/008wWnj4ly1ibfwfypyduj30u01hcdll.jpg,
https://wx3.sinaimg.cn/large/008wWnj4ly1ibfwg77oovj33344mne83.jpg,
https://wx3.sinaimg.cn/large/008wWnj4ly1ibfwg9xa58j33344mou10.jpg,
https://wx3.sinaimg.cn/large/008wWnj4ly1ibfwgjqj3vj36bk47s4qt.jpg,
https://wx3.sinaimg.cn/large/008wWnj4ly1ibgu2gv0nbj30i20o3k2r.jpg,
https://wx3.sinaimg.cn/large/008wWnj4ly1ibgu3984s1j30vf0mvdio.jpg,
https://wx3.sinaimg.cn/large/008wWnj4ly1ibgug2fazlj30pg15mttd.jpg,
https://wx3.sinaimg.cn/large/008wWnj4ly1ibgw2xg6ayj30u07ac1ky.jpg,
https://wx3.sinaimg.cn/large/008wWnj4ly1ibgw35rq6nj30u034i1kx.jpg,
https://wx3.sinaimg.cn/large/008wWnj4ly1ibgw39k0otj30u06i94qq.jpg,
https://wx3.sinaimg.cn/large/008wWnj4ly1ibh13f263aj31yx2ye4qq.jpg,
https://wx3.sinaimg.cn/large/008wWnj4ly1ibh13h54j7j32lb3vynpf.jpg,
https://wx3.sinaimg.cn/large/008wWnj4ly1ibh13im3pwj32cz3jh4qq.jpg,
https://wx3.sinaimg.cn/large/008wWnj4ly1ibh13l6tvgj33154jpnpg.jpg,
https://wx3.sinaimg.cn/large/008wWnj4ly1ibhcj1iourj30oo142jxh.jpg,
https://wx3.sinaimg.cn/large/008wWnj4ly1ibhcj7a9ekj30on0znq8a.jpg,
https://wx3.sinaimg.cn/large/008wWnj4ly1ibhe9n1n7yj314q1kwqjj.jpg,
https://wx3.sinaimg.cn/large/008wWnj4ly1ibj0olg8wqj30yi16inn4.jpg,
https://wx3.sinaimg.cn/large/008wWnj4ly1ibj0otnp6fj30yi16ie5g.jpg,
https://wx3.sinaimg.cn/large/008wWnj4ly1ibj0xcjrf5j30wi160h5k.jpg,
https://wx3.sinaimg.cn/large/008wWnj4ly1ibj70zmlhnj30wi1cm44w.jpg,
https://wx3.sinaimg.cn/large/008wWnj4ly1ibk3usxm58j30u00r5tch.jpg,
https://wx3.sinaimg.cn/large/008wWnj4ly1ibkq7pf60kj30zk24y1az.jpg,
https://wx3.sinaimg.cn/large/008wWnj4ly1ibkq7sidjhj31402eltq5.jpg,
https://wx3.sinaimg.cn/large/008wWnj4ly1ibkq7tw0xpj30zk24y4ag.jpg,
https://wx3.sinaimg.cn/large/008wWnj4ly1ibkq8b0o1sj30sn1exwnt.jpg,
https://wx3.sinaimg.cn/large/008wWnj4ly1iblixqe3snj31jk223h6m.jpg,
https://wx3.sinaimg.cn/large/008wWnj4ly1iblixrd6wbj31jk222at2.jpg,
https://wx3.sinaimg.cn/large/008wWnj4ly1ibn55wvc3cj30wi1ycb29.jpg,
https://wx3.sinaimg.cn/large/008wWnj4ly1ibp6kqcutvj30xb0k7qoi.jpg,
https://wx3.sinaimg.cn/large/008wWnj4ly1ibp6rhnzg1j30x90jwnkk.jpg,
https://wx3.sinaimg.cn/large/008wWnj4ly1ibp86zk2hvj31u613q1ky.jpg,
https://wx3.sinaimg.cn/large/008wWnj4ly1ibp89ysf71j30sq0augp0.jpg,
https://wx3.sinaimg.cn/large/008wWnj4ly1ibr2gl8f7wj30wi3dbn79.jpg,
https://wx3.sinaimg.cn/large/008wWnj4ly1ibr2glr6iqj30wi2niqbj.jpg,
https://wx3.sinaimg.cn/large/008wWnj4ly1ibs8mb0vblj30wi1px120.jpg,
https://wx3.sinaimg.cn/large/008wWnj4ly1ibtrixeta5j31ja0g0asm.jpg,
https://wx3.sinaimg.cn/large/008wWnj4ly1ibtyzh4w3xj31o01o07wi.jpg,
https://wx3.sinaimg.cn/large/008wWnj4ly1ibtz0bxhh1j30u00u045w.jpg,
https://wx3.sinaimg.cn/large/008wWnj4ly1ibuopyoxiyj31a60u0aes.jpg,
https://wx3.sinaimg.cn/large/008wWnj4ly1ibwefg85slj30zj1hawka.jpg,
https://wx3.sinaimg.cn/large/008wWnj4ly1ibxjrfnu24j30zk0k0goy.jpg,
https://wx3.sinaimg.cn/large/008wWnj4ly1ic1031srk1j30zk0k0tbb.jpg,
https://wx3.sinaimg.cn/large/008wWnj4ly1ic10f8kij5j30qo0k0djo.jpg,
https://wx3.sinaimg.cn/large/008wWnj4ly1ic10fa58nqj30k00k0n05.jpg,
https://wx3.sinaimg.cn/large/008wWnj4ly1ic127lrmilj30qo0k0mzv.jpg,
https://wx3.sinaimg.cn/large/008wWnj4ly1ic28aq6iqzj30sy0sy779.jpg,
https://wx3.sinaimg.cn/large/008wWnj4ly1ic28co7rtzj30wi1ychdt.jpg,
https://wx3.sinaimg.cn/large/008wWnj4ly1ic28cwu09oj30wi1ychdt.jpg,
https://wx3.sinaimg.cn/large/008wWnj4ly1ic6s29roghj30u0140wk3.jpg,
https://wx3.sinaimg.cn/large/008wWnj4ly1ic7x7l1ab7j31ha1z4wsb.jpg,
https://wx3.sinaimg.cn/large/008wWnj4ly1icaz3r4baoj30u00kytcv.jpg,
https://wx3.sinaimg.cn/large/008wWnj4ly1icetfn9f68j31hc0u00yb.jpg,
https://wx3.sinaimg.cn/large/008wWnj4ly1ich3kh1nlrj30oo0lztaw.jpg,
https://wx3.sinaimg.cn/large/008wWnj4ly1ich48h3z28j30lc0sg41x.jpg,
https://wx3.sinaimg.cn/large/008wWnj4ly1ickg557it3j30oo1hc0w7.jpg,
https://wx3.sinaimg.cn/large/008wWnj4ly1iclj0a8hy7j30wi1ycnmd.jpg,
https://wx3.sinaimg.cn/large/008wWnj4ly1icmz6w7zyij30tz11ctgo.jpg,
https://wx3.sinaimg.cn/large/008wWnj4ly1icmzf5bjghj30u0114428.jpg,
https://wx3.sinaimg.cn/large/008wWnj4ly1icn1km7tmej31hc1z44qp.jpg,
https://wx3.sinaimg.cn/large/008wWnj4ly1iculn5jtwkj30wh05uwfc.jpg,
https://wx3.sinaimg.cn/large/008wWnj4ly1iculn5t4mfj30vu05taau.jpg,
https://wx3.sinaimg.cn/large/008wWnj4ly1icvxemjvw3j33c03c0nn3.jpg,
https://wx3.sinaimg.cn/large/008wWnj4ly1icwzm5mknaj30wr1sh7d6.jpg,
https://wx3.sinaimg.cn/large/008wWnj4ly1icye7u07dlj31a60u0123.jpg,
https://wx3.sinaimg.cn/large/008wWnj4ly8i7u0ebwpasj30u01hddl7.jpg,
https://wx3.sinaimg.cn/large/008wWnj4ly8ibn5eezf7qj30u01hd0wk.jpg,
https://wx3.sinaimg.cn/large/008whEnDly1icy5pfcwdbj30s11howip.jpg,
https://wx3.sinaimg.cn/large/008zoVG2ly1icwxgvzrmtg308c09bb29.gif,
https://wx3.sinaimg.cn/large/0095egTsly1iczfglsxd4j31j52aqu0x.jpg,
https://wx3.sinaimg.cn/large/0095egTsly1iczfgnjsnwj31cp212kjl.jpg,
https://wx3.sinaimg.cn/large/0099rgTLgy1ictrbsx0oyj31lz2ezqry.jpg,
https://wx3.sinaimg.cn/large/009eZwX3ly1icv1n6ukaqj3108095jtk.jpg,
https://wx3.sinaimg.cn/large/64b09626ly1i8gbqjfv0cj20jg0gvju6.jpg,
https://wx3.sinaimg.cn/large/64b09626ly1i8gbqjkwkmj20go0np0v4.jpg,
https://wx3.sinaimg.cn/large/6f0843b2gy1hvxl2wyh5qj20ed0ho0vb.jpg,
https://wx3.sinaimg.cn/large/720b8534gy1i4ptuqtwizj21kw0w0tjf.jpg,
https://wx3.sinaimg.cn/large/79652bb6gy1ib2paxs85bj225o0zub29.jpg,
https://wx3.sinaimg.cn/large/7e959905gy1hye8szlu16j20xi3jlawb.jpg,
https://wx3.sinaimg.cn/large/9aec18c9gy1ib4bzku6fxj225s1e0u0f.jpg,
https://wx3.sinaimg.cn/large/9dd38fb5ly1hyoidug3ghj21o00u0dtc.jpg,
https://wx3.sinaimg.cn/large/9dd38fb5ly1i3o9s3pv53j20hz0dhwff.jpg,
https://wx3.sinaimg.cn/large/9dd38fb5ly1i4s6imc6wij20rs0n1tbc.jpg,
https://wx3.sinaimg.cn/large/9dd38fb5ly1i5fp5vvgbqj20u011iadr.jpg,
https://wx3.sinaimg.cn/large/ad9ee005gy1icx1bidfa3g20b40b4b29.gif,
https://wx3.sinaimg.cn/large/ad9ee005gy1icy41ydu0cj20v91jltf1.jpg,
https://wx3.sinaimg.cn/large/b02cf0e0gy1hxtwky5tcmj20ku0jj74m.jpg,
https://wx3.sinaimg.cn/large/b02cf0e0gy1hxzo6hvkc4j20dd0comxa.jpg,
https://wx3.sinaimg.cn/large/b02cf0e0gy1hyb3g0zmu4j21480ymdoh.jpg,
https://wx3.sinaimg.cn/large/b02cf0e0gy1hyb3g1q5mnj20l20mk0u7.jpg,
https://wx3.sinaimg.cn/large/b02cf0e0gy1hyb3g2w11oj21df11jank.jpg,
https://wx3.sinaimg.cn/large/b02cf0e0gy1hyb3g3tucrj21000ycaig.jpg,
https://wx3.sinaimg.cn/large/b02cf0e0gy1hybgiqg4tgj20wi0rwjwt.jpg,
https://wx3.sinaimg.cn/large/b02cf0e0gy1hzvu3sh4h6j20sg0my0x8.jpg,
https://wx3.sinaimg.cn/large/c22eddbcly1icx38i4ed2j20pt0xkacj.jpg,
https://wx3.sinaimg.cn/large/c22eddbcly1icx38ikl40j20r413wq5w.jpg,
https://wx3.sinaimg.cn/large/f127b5a7gy1ictpmu4b5pj22bc3gzx6q.jpg,
https://wx3.sinaimg.cn/large/f127b5a7gy1ictpnw8pfzj22bc3h0x6q.jpg,
https://wx3.sinaimg.cn/large/f127b5a7gy1ictq37nhjmj21xg2w5e82.jpg,
https://wx3.sinaimg.cn/large/f127b5a7gy1icv0yr73fnj21vo2tgx6q.jpg,
https://wx3.sinaimg.cn/orj480/001NUlVxly1icvz18hgrvj60u01hctbc02.jpg,
https://wx3.sinaimg.cn/orj480/001TnUG6ly1icugfz5d89j60u0140b1g02.jpg,
https://wx3.sinaimg.cn/orj480/0024aA4lly1icw0mu5ca2j60k00qothl02.jpg,
https://wx3.sinaimg.cn/orj480/005KdKkTgy1hxa94p8s3jj30u01hc765.jpg,
https://wx3.sinaimg.cn/orj480/005KdKkTly1hvlilzcannj31hc0u0419.jpg,
https://wx3.sinaimg.cn/orj480/005KdKkTly1hvp4k4pjz9j31hc0u0jtz.jpg,
https://wx3.sinaimg.cn/orj480/005KdKkTly1i1kzj2fe2nj31hc0u0di6.jpg,
https://wx3.sinaimg.cn/orj480/005T06oZly1i165ga260nj30lw0i0413.jpg,
https://wx3.sinaimg.cn/orj480/0061KDWxgy1hx96ew8n8xj30mh0u00up.jpg,
https://wx3.sinaimg.cn/orj480/0063ZBshgy1hxcbw9mq8fj30zk0k0wli.jpg,
https://wx3.sinaimg.cn/orj480/0063ZBshly1i2g4ifi4xqj30ok0k0t98.jpg,
https://wx3.sinaimg.cn/orj480/0068GZJSly1hyldmkdsc5j30u01hcaa5.jpg,
https://wx3.sinaimg.cn/orj480/0068GZJSly1hzjsuz224dj30qo0k0jt5.jpg,
https://wx3.sinaimg.cn/orj480/006HIe1Wgy1hyq9vj2qhnj30y00j4dhw.jpg,
https://wx3.sinaimg.cn/orj480/006LH6yPly1icwy4vlweij30u01hcacn.jpg,
https://wx3.sinaimg.cn/orj480/006QjcL0gy1hyd6h6cks3j317k0okwlg.jpg,
https://wx3.sinaimg.cn/orj480/006mEiMGgy1hvkd5nh0blj304y02taa1.jpg,
https://wx3.sinaimg.cn/orj480/006mEiMGgy1hvkweo8ocnj30zk0k0n2d.jpg,
https://wx3.sinaimg.cn/orj480/006mEiMGgy1hvl2nww4qaj31hc0omdm1.jpg,
https://wx3.sinaimg.cn/orj480/006mEiMGgy1hwev3bruioj30m80ic75o.jpg,
https://wx3.sinaimg.cn/orj480/006mEiMGgy1hxrozfhi8cj30ks0k0q5o.jpg,
https://wx3.sinaimg.cn/orj480/006mEiMGgy1hzfv6mvt8zj31hc0omk0h.jpg,
https://wx3.sinaimg.cn/orj480/006mEiMGgy1i58vznd2h0j31hc0ommz9.jpg,
https://wx3.sinaimg.cn/orj480/006mEiMGly1hy4cw2p8v1j30u00gx76t.jpg,
https://wx3.sinaimg.cn/orj480/006mEiMGly1hyqbib5j7rj304003sweg.jpg,
https://wx3.sinaimg.cn/orj480/006mEiMGly1hyv0dli7ysj311k0u0tel.jpg,
https://wx3.sinaimg.cn/orj480/006mEiMGly1i46u85khcij30u00u0abv.jpg,
https://wx3.sinaimg.cn/orj480/006mEiMGly1i46v8etaw5j31hc0omgnf.jpg,
https://wx3.sinaimg.cn/orj480/006mEiMGly1i4gw5piibtj31hc0omq64.jpg,
https://wx3.sinaimg.cn/orj480/006mEiMGly1i4w1lk4pu8j31hc0omtak.jpg,
https://wx3.sinaimg.cn/orj480/006pQTe9gy1hvkzb6vs48j30zk0k079w.jpg,
https://wx3.sinaimg.cn/orj480/006xHNSQly1ib946rlekfj30u01hcgni.jpg,
https://wx3.sinaimg.cn/orj480/007EUOOCly1ictngk66lnj30u01iemzl.jpg,
https://wx3.sinaimg.cn/orj480/007ZLf6zgy1hwbiitbl7hj31hc0u0dh2.jpg,
https://wx3.sinaimg.cn/orj480/007ZLf6zgy1hwi7hlgatsj31hc0u04qp.jpg,
https://wx3.sinaimg.cn/orj480/007ZLf6zgy1hwjogc8l3kj31hc0u00ug.jpg,
https://wx3.sinaimg.cn/orj480/007ZLf6zgy1hzc6dx0996j30k00qot9m.jpg,
https://wx3.sinaimg.cn/orj480/007ZLf6zgy1hzue2xg74vj31hc0u0di7.jpg,
https://wx3.sinaimg.cn/orj480/007ZLf6zgy1i56shj4ytzj31hc0u0ad6.jpg,
https://wx3.sinaimg.cn/orj480/007xObxSgy1icrlqulocej30u00gwdl6.jpg,
https://wx3.sinaimg.cn/orj480/0083079Oly1icx28ujfq3j30u01hcmyz.jpg,
https://wx3.sinaimg.cn/orj480/008D6Seygy1hzd0djyhjgj31hc0t6dni.jpg,
https://wx3.sinaimg.cn/orj480/008D6Seygy1i1l2qju19ej31hc0u0gw5.jpg,
https://wx3.sinaimg.cn/orj480/008G5Mg5gy1ibluv9buo4j30zk0k0gr8.jpg,
https://wx3.sinaimg.cn/orj480/008ltuikly1i669o8f1mej30zk0k078l.jpg,
https://wx3.sinaimg.cn/orj480/008ltuikly1ic28hc8dbqj30u0140gvz.jpg,
https://wx3.sinaimg.cn/orj480/008ltuikly1ic9wiin5o0j30u00gwwrd.jpg,
https://wx3.sinaimg.cn/orj480/008ltuikly1icyconloj4j30u00gwwrd.jpg,
https://wx3.sinaimg.cn/orj480/008qrxyxgy1hyq9tzqwhwj30u00gwacf.jpg,
https://wx3.sinaimg.cn/orj480/008qrxyxgy1hzfooaol2wj30u00gwtbd.jpg,
https://wx3.sinaimg.cn/orj480/008qrxyxly1hyq9gqsxufj30u0140acf.jpg,
https://wx3.sinaimg.cn/orj480/008sIr7fgy1hsofsh8u5wj30zm0k0grw.jpg,
https://wx3.sinaimg.cn/orj480/008sIr7fgy1hy0ze0j7e3j30gc098dh4.jpg,
https://wx3.sinaimg.cn/orj480/008sIr7fgy1hy8z1ypk5vj30og0ds0v4.jpg,
https://wx3.sinaimg.cn/orj480/008sIr7fgy1i0az2bk091j31hc0u14c6.jpg,
https://wx3.sinaimg.cn/orj480/008sIr7fgy1i0voyj01yrj30ik0osmzw.jpg,
https://wx3.sinaimg.cn/orj480/008w8muKgy1hvl0v2gu5aj30zk0k040p.jpg,
https://wx3.sinaimg.cn/orj480/008w8muKgy1hwevrty154j31400mj79b.jpg,
https://wx3.sinaimg.cn/orj480/008w8muKgy1hwexjlza2tj30u01hcmz2.jpg,
https://wx3.sinaimg.cn/orj480/008w8muKgy1hwuzspjaufj30u00gwwib.jpg,
https://wx3.sinaimg.cn/orj480/008w8muKgy1hxk2ikzdmnj30u00nbabk.jpg,
https://wx3.sinaimg.cn/orj480/008w8muKgy1hy0y4vos2gj30u00ofdho.jpg,
https://wx3.sinaimg.cn/orj480/008w8muKgy1i0vnztnn6aj30tq0got9g.jpg,
https://wx3.sinaimg.cn/orj480/008w8muKgy1i1kxa6hfgvj30u00hh40x.jpg,
https://wx3.sinaimg.cn/orj480/008w8muKgy1i1kxk6875sj30u00gvwgl.jpg,
https://wx3.sinaimg.cn/orj480/008w8muKgy1i22lnvgjglj30u00gwgn0.jpg,
https://wx3.sinaimg.cn/orj480/008w8muKgy1ic260ytdt4j31fs0u0wh2.jpg,
https://wx3.sinaimg.cn/orj480/008w8muKgy1ic52wdiv8uj30mh0u0q5h.jpg,
https://wx3.sinaimg.cn/orj480/008w8muKly1iakhiawh1sj30zu0jqabp.jpg,
https://wx3.sinaimg.cn/orj480/0095egTsly1icubxt1btij30u01hctbt.jpg,
https://wx3.sinaimg.cn/orj480/b02cf0e0gy1hvu8dwuo3wj20su0g80vi.jpg,
https://wx3.sinaimg.cn/orj480/b02cf0e0gy1hw10ver2k8j20fe08o3ze.jpg,
https://wx3.sinaimg.cn/orj480/d82e22ebgy1i097m87klmj213w0u00yj.jpg,
https://wx4.sinaimg.cn/large/001DitQply1icwrrwkh3zj61hc0u077502.jpg,
https://wx4.sinaimg.cn/large/001LTF2wly1icuds4x4ngj60v91vody902.jpg,
https://wx4.sinaimg.cn/large/001LTF2wly1icuds5neb8j60v91vo7og02.jpg,
https://wx4.sinaimg.cn/large/001ks3BOly1icugjrenkqj60pt12wjux02.jpg,
https://wx4.sinaimg.cn/large/001ks3BOly1icugl5dn38j60u017xdia02.jpg,
https://wx4.sinaimg.cn/large/001ks3BOly1icugl5np9qj60u013g42702.jpg,
https://wx4.sinaimg.cn/large/0020LHhfly1icx289ia2qj60u01b819502.jpg,
https://wx4.sinaimg.cn/large/0023HfKBgy1ictnpmvl54j60qo140dn402.jpg,
https://wx4.sinaimg.cn/large/0023HfKBgy1ictnpnjvrkj61xg1z4gtm02.jpg,
https://wx4.sinaimg.cn/large/0023HfKBgy1ictnpnwkldj60zu0qvmz002.jpg,
https://wx4.sinaimg.cn/large/002TLsr9ly1id1r685j97j60u01hc7wj02.jpg,
https://wx4.sinaimg.cn/large/005AIl1dly8ibn4anlj0tj30o60yo0wn.jpg,
https://wx4.sinaimg.cn/large/005IH8CNgy1ictn0bgfj3j32c0340u0x.jpg,
https://wx4.sinaimg.cn/large/005KUU1vgy1i5mnka2g7pj30rs1cr13y.jpg,
https://wx4.sinaimg.cn/large/005KUU1vgy1i5mnka2rxpj30rs1crk1g.jpg,
https://wx4.sinaimg.cn/large/005KUU1vgy1i5mnkacqdaj30rs1crk19.jpg,
https://wx4.sinaimg.cn/large/005KUU1vgy1i5mnkaxw6yj30rs1crn78.jpg,
https://wx4.sinaimg.cn/large/005KUU1vgy1i5mnkcag62j30rs1crwp3.jpg,
https://wx4.sinaimg.cn/large/005KdKkTgy1hw1y8tpc02j30xw0v2tdo.jpg,
https://wx4.sinaimg.cn/large/005KdKkTgy1hw1y8v1t5fj30xc0xc4qp.jpg,
https://wx4.sinaimg.cn/large/005KdKkTgy1hw7jtmnbugg30d206x7wl.gif,
https://wx4.sinaimg.cn/large/005KdKkTgy1hw7ju7o6y0g308w050hd9.gif,
https://wx4.sinaimg.cn/large/005KdKkTgy1hw7p530f84g30en08fe8d.gif,
https://wx4.sinaimg.cn/large/005KdKkTgy1hw7p5uafcpg30i20cs1l5.gif,
https://wx4.sinaimg.cn/large/005KdKkTgy1hwx34w0qi7g30mo0g5he1.gif,
https://wx4.sinaimg.cn/large/005KdKkTgy1hy2urovuo1j31o018g10l.jpg,
https://wx4.sinaimg.cn/large/005KdKkTgy1hy5ztocxczj30u018gdng.jpg,
https://wx4.sinaimg.cn/large/005KdKkTly1hy0wlw04prj311t2d2dxx.jpg,
https://wx4.sinaimg.cn/large/005Q2lGJgy1i6f734wpkej330b45sqv6.jpg,
https://wx4.sinaimg.cn/large/005T06oZly1i873a1l30kj30w017yn27.jpg,
https://wx4.sinaimg.cn/large/005XuxSMly1icvl33l29oj33911tte83.jpg,
https://wx4.sinaimg.cn/large/005XuxSMly1icvl3s1t6hj35q466pqvn.jpg,
https://wx4.sinaimg.cn/large/005XuxSMly1icvl553sl8j33o21mskjo.jpg,
https://wx4.sinaimg.cn/large/005xQ0zoly1icwsz3b77yj31hc0u0n6y.jpg,
https://wx4.sinaimg.cn/large/0060yOWigy1icwvm2hev3j30gi03iq3h.jpg,
https://wx4.sinaimg.cn/large/0063ZBshgy1hw2zqrly91j31bk0vpq6c.jpg,
https://wx4.sinaimg.cn/large/0063ZBshgy1hy0brwf35oj30wr1a043x.jpg,
https://wx4.sinaimg.cn/large/0063ZBshgy1i1blx3kw6cj30u00u0gnv.jpg,
https://wx4.sinaimg.cn/large/006FsAT1gy1ibqe4eink4j32p71stqv6.jpg,
https://wx4.sinaimg.cn/large/006HIe1Wgy1hvncxmfr75j31401e00yl.jpg,
https://wx4.sinaimg.cn/large/006Kn1mIgy1icto1zg95rj31xw2wm1l0.jpg,
https://wx4.sinaimg.cn/large/006Kn1mIgy1icto22917tj31wp2uvnpg.jpg,
https://wx4.sinaimg.cn/large/006Kn1mIgy1icto2pphh8j34cn2wob2g.jpg,
https://wx4.sinaimg.cn/large/006Kn1mIgy1icto3fenmej34e42xnnpk.jpg,
https://wx4.sinaimg.cn/large/006NwJMdgy1i8d0g22hccj30u00kd76g.jpg,
https://wx4.sinaimg.cn/large/006QjcL0gy1i4qkf0qk4fj30t80m5ade.jpg,
https://wx4.sinaimg.cn/large/006mEiMGgy1hwezeogdw9j30wo0id4e2.jpg,
https://wx4.sinaimg.cn/large/006mEiMGgy1i4vu24fkrxj30tz0gudke.jpg,
https://wx4.sinaimg.cn/large/006mEiMGly1hvzqfjiuqyj30ze0mu4hq.jpg,
https://wx4.sinaimg.cn/large/006mEiMGly1i2czqfp70lj30z50a3gnc.jpg,
https://wx4.sinaimg.cn/large/006mEiMGly1i7dbze23ekj30tz0rkad6.jpg,
https://wx4.sinaimg.cn/large/006nChWply1iakxlmae7uj333y5j3000.jpg,
https://wx4.sinaimg.cn/large/006nChWply1iakxm2xckcj32p34sme85.jpg,
https://wx4.sinaimg.cn/large/006oxxLdly1ictp9pek82j32b21jdhdt.jpg,
https://wx4.sinaimg.cn/large/006pQTe9gy1hxqdqrmbnfj30zo10paiu.jpg,
https://wx4.sinaimg.cn/large/006pQTe9gy1hy9zdaqif2j30qm0gmq41.jpg,
https://wx4.sinaimg.cn/large/006pQTe9gy1hyyes2u61bj30zo13btgr.jpg,
https://wx4.sinaimg.cn/large/006rUZZfly1ictq5h5blhj31ji28wx6p.jpg,
https://wx4.sinaimg.cn/large/006rUZZfly1ictq5ijf5qj31jk2bce26.jpg,
https://wx4.sinaimg.cn/large/006rUZZfly1ictq5uglddj31jk2bce81.jpg,
https://wx4.sinaimg.cn/large/006tS5TFgy1hxcjptvvkzj30u01404qp.jpg,
https://wx4.sinaimg.cn/large/006tS5TFgy1hxcjpug9w7j30u0140kh7.jpg,
https://wx4.sinaimg.cn/large/006xCBXugy1icwx6yr2hcj30g00u0q5u.jpg,
https://wx4.sinaimg.cn/large/006xCBXugy1icwx6zb42uj30a00umacf.jpg,
https://wx4.sinaimg.cn/large/006xIMRYly1ictynr8fo8j30v91vo7oa.jpg,
https://wx4.sinaimg.cn/large/006xeAcvgy1i4eecamcj4j31m70wqths.jpg,
https://wx4.sinaimg.cn/large/006yrtSNly1id0npq5ixtj30s00z0jw9.jpg,
https://wx4.sinaimg.cn/large/006yrtSNly1id0npqwg7jj30z00s0tbb.jpg,
https://wx4.sinaimg.cn/large/006yrtSNly1id0oayhjn7j316o1kw7wh.jpg,
https://wx4.sinaimg.cn/large/006yrtSNly1id0ob1rco4j316o1kw4qp.jpg,
https://wx4.sinaimg.cn/large/0072j384gy1icuk64luluj310o27o1kx.jpg,
https://wx4.sinaimg.cn/large/0074Bm6tgy1icwydfawx8j30go09rmxy.jpg,
https://wx4.sinaimg.cn/large/0074VaHDgy1hywu8og3t7j30t60t6gpm.jpg,
https://wx4.sinaimg.cn/large/0074VaHDgy1hywu8t4nr2j30k00k0jtg.jpg,
https://wx4.sinaimg.cn/large/0074VaHDgy1hywu8tqadnj30ku0kujti.jpg,
https://wx4.sinaimg.cn/large/0074VaHDgy1hywu8v5imyj30jv0jpabg.jpg,
https://wx4.sinaimg.cn/large/0074VaHDgy1hywu8vrwwtj30u00u0wfq.jpg,
https://wx4.sinaimg.cn/large/0074VaHDgy1hywu8y5o3nj30jg0jgwfw.jpg,
https://wx4.sinaimg.cn/large/00754myjgy1icueqgqfx0j30xi0titep.jpg,
https://wx4.sinaimg.cn/large/00754myjgy1icunkj5s9oj30wr08g3zn.jpg,
https://wx4.sinaimg.cn/large/00754myjgy1icuobp8otbj33c03c01kx.jpg,
https://wx4.sinaimg.cn/large/00754myjgy1icvw2e1x9fj33c03c0kds.jpg,
https://wx4.sinaimg.cn/large/00754myjgy1icvw2jhp85j33c03c04oi.jpg,
https://wx4.sinaimg.cn/large/00754myjgy1icwxafmyycj30k017a40y.jpg,
https://wx4.sinaimg.cn/large/00754myjgy1icx0fvohynj318g0tnk8s.jpg,
https://wx4.sinaimg.cn/large/00754myjgy1icx0lghly4j30z71qsqcz.jpg,
https://wx4.sinaimg.cn/large/00754myjgy1icx0lhaqggj30xi11ugw5.jpg,
https://wx4.sinaimg.cn/large/00792LBbly1icuwkk4zxfj30wr0wr3zw.jpg,
https://wx4.sinaimg.cn/large/007EEaVCgy1icw94nw1anj30u01uoqb5.jpg,
https://wx4.sinaimg.cn/large/007EUOOCly1ibeuo1cmq2g30k00k0x73.gif,
https://wx4.sinaimg.cn/large/007EUOOCly1icvv8xp6sij31jk2bekjm.jpg,
https://wx4.sinaimg.cn/large/007WuwI6gy1hyrb5kduzyg30d40bdu1c.gif,
https://wx4.sinaimg.cn/large/007WuwI6gy1i4spl497y0j318o0wutdt.jpg,
https://wx4.sinaimg.cn/large/007WuwI6gy1ibf0afdkoej30ox0ru4az.jpg,
https://wx4.sinaimg.cn/large/007Z1QHTgy1ictxy9wjgdj3223334hdv.jpg,
https://wx4.sinaimg.cn/large/007Z1QHTgy1ictxytoqkoj3224334x6q.jpg,
https://wx4.sinaimg.cn/large/007ZLf6zgy1hwiuaqvnlwj31400u04hq.jpg,
https://wx4.sinaimg.cn/large/007ZLf6zgy1hwiuaqwn6zj31400u0tsm.jpg,
https://wx4.sinaimg.cn/large/007ZLf6zgy1hxyck5d7aaj31kw16oaky.jpg,
https://wx4.sinaimg.cn/large/007ZLf6zly1hwxsdyxxxuj30d001o3yv.jpg,
https://wx4.sinaimg.cn/large/007aQ2zuly1icy1oot3ufj30v9405b29.jpg,
https://wx4.sinaimg.cn/large/007ehtjkly1icwwk52kn8j30k00k075d.jpg,
https://wx4.sinaimg.cn/large/007ehtjkly1icwwk6v706j30qo0qo77z.jpg,
https://wx4.sinaimg.cn/large/007gLGJIly1icyamlmh5mj31jk2bde81.jpg,
https://wx4.sinaimg.cn/large/007gLGJIly1icyamnmtrfj32es3m8x6q.jpg,
https://wx4.sinaimg.cn/large/007gLGJIly1icyamq7z9wj32t648ob29.jpg,
https://wx4.sinaimg.cn/large/007wlOVpgy1i7oxqxiudrj30sd0qodjg.jpg,
https://wx4.sinaimg.cn/large/0080f7JZgy1i2snnsm9vgj30u01t1nca.jpg,
https://wx4.sinaimg.cn/large/0082bkAWly1ictolaonxmj32xu4eou15.jpg,
https://wx4.sinaimg.cn/large/008475LKly1ibjo49jdduj34ck2wg4qq.jpg,
https://wx4.sinaimg.cn/large/008475LKly1ibjo4ern3qj34tc37k4qq.jpg,
https://wx4.sinaimg.cn/large/008475LKly1ibjo4fwghsj364w3g8u0y.jpg,
https://wx4.sinaimg.cn/large/008475LKly1ibjo4ix43mj32qq1tvdvo.jpg,
https://wx4.sinaimg.cn/large/0087eEeUly1icrdso4agpj30u00uhn2u.jpg,
https://wx4.sinaimg.cn/large/0087eEeUly1icwwtcttt8j30qo0qoadk.jpg,
https://wx4.sinaimg.cn/large/0087eEeUly1icwwtmyewmj30x00sk764.jpg,
https://wx4.sinaimg.cn/large/008ACtuigy1ictslj1qplj31xj2wbkjm.jpg,
https://wx4.sinaimg.cn/large/008ADdAkgy1icx2vfqcv5j30u01uoq5c.jpg,
https://wx4.sinaimg.cn/large/008ADdAkgy1icx2vgvc4oj31400u0tea.jpg,
https://wx4.sinaimg.cn/large/008CJYjvgy1i5tk1iril7j33342bcx6p.jpg,
https://wx4.sinaimg.cn/large/008D6Seygy1hzwo3lfma2j30u011iq8a.jpg,
https://wx4.sinaimg.cn/large/008ElfIIgy1icjd3xrl91j30gw0u0whx.jpg,
https://wx4.sinaimg.cn/large/008G5Mg5gy1ictmy2lup6j30sg193q7s.jpg,
https://wx4.sinaimg.cn/large/008GRKaygy1icv3xaz2n9j30u01hcn44.jpg,
https://wx4.sinaimg.cn/large/008GXhJcgy1hyep7ttneoj31kw0uwn98.jpg,
https://wx4.sinaimg.cn/large/008GXhJcgy1hyepbczftdj31b00qm0z6.jpg,
https://wx4.sinaimg.cn/large/008IMj1dly1i1mbnlw4r7j32bc2bcnm1.jpg,
https://wx4.sinaimg.cn/large/008J8AfVgy1ictnvlzx4lj31o02dc1i1.jpg,
https://wx4.sinaimg.cn/large/008JYE1Wgy1icw1bq68aaj30sk0ka792.jpg,
https://wx4.sinaimg.cn/large/008JfADcly1id0tzv2irtj30pi1ogq91.jpg,
https://wx4.sinaimg.cn/large/008KcyyYgy1ibqjdmlnqmj31451o8qod.jpg,
https://wx4.sinaimg.cn/large/008KcyyYgy1ibqjdnhnbbj318n1uy7v3.jpg,
https://wx4.sinaimg.cn/large/008KcyyYgy1ibqjdsx7c8j31c720b4qp.jpg,
https://wx4.sinaimg.cn/large/008XXFIngy1icv6uhx4jlj32m83xc1kz.jpg,
https://wx4.sinaimg.cn/large/008XXFIngy1icv70whl3vj32m83xcu0y.jpg,
https://wx4.sinaimg.cn/large/008a581ily1icyanqk69wj32cp3j1b29.jpg,
https://wx4.sinaimg.cn/large/008amFFygy1icxtj4s5ixj30wr0lrmzg.jpg,
https://wx4.sinaimg.cn/large/008audW7gy1hn5pr77fvxj30wi1iqdqu.jpg,
https://wx4.sinaimg.cn/large/008audW7gy1hn5prbv63ij30wi1bck22.jpg,
https://wx4.sinaimg.cn/large/008audW7gy1hn5prerrgkj30wi1i0k5x.jpg,
https://wx4.sinaimg.cn/large/008fUz77gy1ictvbafw3tj32e23l34qs.jpg,
https://wx4.sinaimg.cn/large/008fUz77gy1ictvcbnmjgj321131je83.jpg,
https://wx4.sinaimg.cn/large/008fUz77ly1ib7yrzhjtmj32yy4m5u12.jpg,
https://wx4.sinaimg.cn/large/008fUz77ly1ib7yskt35bj32su479u0z.jpg,
https://wx4.sinaimg.cn/large/008lCb95gy1ictpsqk8g3j30k00u0dho.jpg,
https://wx4.sinaimg.cn/large/008ltuikgy1gz59l9a235j31bo1zk4qq.jpg,
https://wx4.sinaimg.cn/large/008ltuikgy1i22e2dpqxaj31sc2dsu0y.jpg,
https://wx4.sinaimg.cn/large/008ltuikgy1i22e3kkbq9j31sc2dsx6p.jpg,
https://wx4.sinaimg.cn/large/008ltuikgy1i22e3oi9oyj31sc2dsx6p.jpg,
https://wx4.sinaimg.cn/large/008ltuikgy1i22e3tderkj31sc2dsb2a.jpg,
https://wx4.sinaimg.cn/large/008ltuikgy1i22e48ylvsj31sc2ds1ky.jpg,
https://wx4.sinaimg.cn/large/008ltuikgy1i22e4p3e8tj33b04eo4qt.jpg,
https://wx4.sinaimg.cn/large/008ltuikgy1icui9sef53j335s23ue83.jpg,
https://wx4.sinaimg.cn/large/008ltuikgy1icui9vy9s9j335s23ux6q.jpg,
https://wx4.sinaimg.cn/large/008ltuikgy1icuiaoe1tgj321e31zu12.jpg,
https://wx4.sinaimg.cn/large/008ltuikgy1icuib1n8c3j33wj2lpe83.jpg,
https://wx4.sinaimg.cn/large/008ltuikgy1icuicprfiwj32963dr1l6.jpg,
https://wx4.sinaimg.cn/large/008ltuikly1i0appxgncvj32c1342u0y.jpg,
https://wx4.sinaimg.cn/large/008ltuikly1i0apq6l3zcj327d334u0y.jpg,
https://wx4.sinaimg.cn/large/008ltuikly1ic7sn6hkrbj30u00u0433.jpg,
https://wx4.sinaimg.cn/large/008ltuikly1ic7sogtjb3j31dq1uegz5.jpg,
https://wx4.sinaimg.cn/large/008ltuikly1iccavce08mj335s23u4qq.jpg,
https://wx4.sinaimg.cn/large/008ltuikly1icmvfbmv2bj31hc1z4k0e.jpg,
https://wx4.sinaimg.cn/large/008ltuikly1icp02nx0y7j335s2dcb2a.jpg,
https://wx4.sinaimg.cn/large/008ltuikly1icp03ef5ghj344s672qvd.jpg,
https://wx4.sinaimg.cn/large/008ltuikly1icuv1lqnm6j33wn2lru10.jpg,
https://wx4.sinaimg.cn/large/008ltuikly1icuv1rl5p1j345267gnpe.jpg,
https://wx4.sinaimg.cn/large/008ltuikly1icuv1svpxcj3334224x6q.jpg,
https://wx4.sinaimg.cn/large/008ltuikly1iczlbdjvkbj32dc35s1l1.jpg,
https://wx4.sinaimg.cn/large/008ltuikly1iczlbjbozgj335s23we81.jpg,
https://wx4.sinaimg.cn/large/008ltuikly1iczlbn64onj31vh2t47wh.jpg,
https://wx4.sinaimg.cn/large/008p2wVTly1iberwqtq3cj30sg0sggsf.jpg,
https://wx4.sinaimg.cn/large/008p2wVTly1iberwreonrj308y35sk50.jpg,
https://wx4.sinaimg.cn/large/008p2wVTly1iberwrwwpzj30by35sh0z.jpg,
https://wx4.sinaimg.cn/large/008p2wVTly1iberwtp5vtj315c35skj2.jpg,
https://wx4.sinaimg.cn/large/008s00lFgy1iaaa01h6s8j30v40nwwgy.jpg,
https://wx4.sinaimg.cn/large/008sIr7fgy1hx9xoxk27fj32o91mne81.jpg,
https://wx4.sinaimg.cn/large/008sIr7fgy1hxa4pkxrkej32og1sgnpd.jpg,
https://wx4.sinaimg.cn/large/008sIr7fgy1hymnmzlhhtj30wr0xgdmz.jpg,
https://wx4.sinaimg.cn/large/008sIr7fgy1hyuutput9sj31jd2aue81.jpg,
https://wx4.sinaimg.cn/large/008sIr7fgy1hz88vgjloej311i1aw46i.jpg,
https://wx4.sinaimg.cn/large/008sIr7fgy1i01ly1kmpoj30wq1iftkc.jpg,
https://wx4.sinaimg.cn/large/008sIr7fgy1i0k5xlxq9kj30u011ijwl.jpg,
https://wx4.sinaimg.cn/large/008sIr7fgy1i2vhkxsnwwj316i1kwk1b.jpg,
https://wx4.sinaimg.cn/large/008w8muKgy1hctuxevbpoj30ru0fojss.jpg,
https://wx4.sinaimg.cn/large/008w8muKgy1hv8grtcv92j30ru0foq4u.jpg,
https://wx4.sinaimg.cn/large/008w8muKgy1hv8ha1fybbj30zu1cgn5j.jpg,
https://wx4.sinaimg.cn/large/008w8muKgy1hw1r079b4vj314012q0z7.jpg,
https://wx4.sinaimg.cn/large/008w8muKgy1hw8748ahbij30u01hb7f2.jpg,
https://wx4.sinaimg.cn/large/008w8muKgy1hwzvvx92ydj30k00k00tz.jpg,
https://wx4.sinaimg.cn/large/008w8muKgy1hx9lcxsz6ej30lb0rs405.jpg,
https://wx4.sinaimg.cn/large/008w8muKgy1hx9ldaidtrj30l90rn40m.jpg,
https://wx4.sinaimg.cn/large/008w8muKgy1hxccnkx065j30ru0fogmu.jpg,
https://wx4.sinaimg.cn/large/008w8muKgy1hxk9xayiydj30u00u0qdc.jpg,
https://wx4.sinaimg.cn/large/008w8muKgy1hxk9xcblyoj30u00u0dq2.jpg,
https://wx4.sinaimg.cn/large/008w8muKgy1hxk9xdwk21j30u00u0ak5.jpg,
https://wx4.sinaimg.cn/large/008w8muKgy1hxz98du9u1j31kw11xn17.jpg,
https://wx4.sinaimg.cn/large/008w8muKgy1hya32ghur2j30j40j4tao.jpg,
https://wx4.sinaimg.cn/large/008w8muKgy1hylp4kbivyj30d60a474t.jpg,
https://wx4.sinaimg.cn/large/008w8muKgy1hymo9hq9edj30k00zkgnw.jpg,
https://wx4.sinaimg.cn/large/008w8muKgy1hyreurl48sj31eq1kwdwx.jpg,
https://wx4.sinaimg.cn/large/008w8muKgy1hyreuwrm7pj31bm1kw4l7.jpg,
https://wx4.sinaimg.cn/large/008w8muKgy1hznfibskekj30u011i79i.jpg,
https://wx4.sinaimg.cn/large/008w8muKgy1hznfid1en3j30u011ijtx.jpg,
https://wx4.sinaimg.cn/large/008w8muKgy1hzrszz14haj311d0j6gr7.jpg,
https://wx4.sinaimg.cn/large/008w8muKgy1hzu67q6ighj30sg0g0acf.jpg,
https://wx4.sinaimg.cn/large/008w8muKgy1hzu67q722oj30ml0lmqa7.jpg,
https://wx4.sinaimg.cn/large/008w8muKgy1hzy5yg80n4j31ju0qe41h.jpg,
https://wx4.sinaimg.cn/large/008w8muKgy1i002q90tp7j31900u0doj.jpg,
https://wx4.sinaimg.cn/large/008w8muKgy1i002q9gd9nj31900u0qdb.jpg,
https://wx4.sinaimg.cn/large/008w8muKgy1i002qa8ivoj31900u0ti9.jpg,
https://wx4.sinaimg.cn/large/008w8muKgy1i0c2h3znuoj30rs0fvgnw.jpg,
https://wx4.sinaimg.cn/large/008w8muKgy1i0ultulewzj30t10ihjsw.jpg,
https://wx4.sinaimg.cn/large/008w8muKgy1i1llyvfuwej30wi14fdjy.jpg,
https://wx4.sinaimg.cn/large/008w8muKgy1i1my1wwjbnj31kw16oamp.jpg,
https://wx4.sinaimg.cn/large/008w8muKgy1i1uixly8lpj30u01c1k17.jpg,
https://wx4.sinaimg.cn/large/008w8muKgy1i22kbhkevoj30wi0pl0uh.jpg,
https://wx4.sinaimg.cn/large/008w8muKgy1i3cuftmhhij30u01fotc1.jpg,
https://wx4.sinaimg.cn/large/008w8muKgy1i3u7sh3yvgj30qi0jjabp.jpg,
https://wx4.sinaimg.cn/large/008w8muKgy1i6ap9uz1l0j30wi0c6mza.jpg,
https://wx4.sinaimg.cn/large/008w8muKgy1ibc5fdmy4xj30w01kw0xi.jpg,
https://wx4.sinaimg.cn/large/008w8muKgy1ibewswn62uj30pp083wet.jpg,
https://wx4.sinaimg.cn/large/008w8muKly1hvkkpj502nj30ru0fotb3.jpg,
https://wx4.sinaimg.cn/large/008w8muKly1i18b7bmqwej30mo0hcq5o.jpg,
https://wx4.sinaimg.cn/large/008wWnj4gy1i0m80tjmjij30my0ne10j.jpg,
https://wx4.sinaimg.cn/large/008wWnj4gy1i81o2of5nhj31kw1kwamz.jpg,
https://wx4.sinaimg.cn/large/008wWnj4gy1i81op5ekxwj319i1kw174.jpg,
https://wx4.sinaimg.cn/large/008wWnj4gy1i82er6oe6kj30wi41g1ky.jpg,
https://wx4.sinaimg.cn/large/008wWnj4gy1i82er8yc9gj30wi0kzgqe.jpg,
https://wx4.sinaimg.cn/large/008wWnj4gy1i82eyyiw1mj30x63f8kjl.jpg,
https://wx4.sinaimg.cn/large/008wWnj4gy1i82hv6eyvqj30wi1ga1a7.jpg,
https://wx4.sinaimg.cn/large/008wWnj4gy1i82zrqwc5jj31bh0lq7b0.jpg,
https://wx4.sinaimg.cn/large/008wWnj4gy1i87f9by1crj30xc1e0n88.jpg,
https://wx4.sinaimg.cn/large/008wWnj4ly1hvj8qthjlvj30u01t0n47.jpg,
https://wx4.sinaimg.cn/large/008wWnj4ly1hvlxqh6u44j310g7cuqv6.jpg,
https://wx4.sinaimg.cn/large/008wWnj4ly1hvlxqjud4dj310k7x2u0y.jpg,
https://wx4.sinaimg.cn/large/008wWnj4ly1hvlxqsrpulj30wfcn1e85.jpg,
https://wx4.sinaimg.cn/large/008wWnj4ly1hvryh8sd1kj30tl0agju8.jpg,
https://wx4.sinaimg.cn/large/008wWnj4ly1hvt2q7fyrmj30tk07xabb.jpg,
https://wx4.sinaimg.cn/large/008wWnj4ly1hw12j1zem7j30u0108gqb.jpg,
https://wx4.sinaimg.cn/large/008wWnj4ly1hwg6puwcxcj30u01sxdpz.jpg,
https://wx4.sinaimg.cn/large/008wWnj4ly1hxif4guy6nj31t00u0dma.jpg,
https://wx4.sinaimg.cn/large/008wWnj4ly1hxifgllx4rj31t00u0tg2.jpg,
https://wx4.sinaimg.cn/large/008wWnj4ly1hxlai3cufvj30pp09z74z.jpg,
https://wx4.sinaimg.cn/large/008wWnj4ly1hyuz1wbl4fj30u01t07id.jpg,
https://wx4.sinaimg.cn/large/008wWnj4ly1hyvq9eyu00j30u01t0k0n.jpg,
https://wx4.sinaimg.cn/large/008wWnj4ly1hywnje2jnpj30r206pdgt.jpg,
https://wx4.sinaimg.cn/large/008wWnj4ly1hz068s65ksj30u025e7pj.jpg,
https://wx4.sinaimg.cn/large/008wWnj4ly1hz9kz3hhktj30nm0ohdhd.jpg,
https://wx4.sinaimg.cn/large/008wWnj4ly1hz9l0b0j1kj30tr0lotjb.jpg,
https://wx4.sinaimg.cn/large/008wWnj4ly1hzbq0rew76j30u01t0h1m.jpg,
https://wx4.sinaimg.cn/large/008wWnj4ly1hzdiedxc9xj31t00u04en.jpg,
https://wx4.sinaimg.cn/large/008wWnj4ly1hzj4lojcxrj31kw11xgv8.jpg,
https://wx4.sinaimg.cn/large/008wWnj4ly1hztldhoi48j30u00u00x0.jpg,
https://wx4.sinaimg.cn/large/008wWnj4ly1hzugabizlnj30cm0crdmi.jpg,
https://wx4.sinaimg.cn/large/008wWnj4ly1hzw0boe53zj30m00uqgnl.jpg,
https://wx4.sinaimg.cn/large/008wWnj4ly1i03zlbg508j31t00u0ak5.jpg,
https://wx4.sinaimg.cn/large/008wWnj4ly1i03zlcba3lj31t00u07eh.jpg,
https://wx4.sinaimg.cn/large/008wWnj4ly1i03zld4z4bj31t00u0wmr.jpg,
https://wx4.sinaimg.cn/large/008wWnj4ly1i03zldk5o9j31t00u0dnz.jpg,
https://wx4.sinaimg.cn/large/008wWnj4ly1i04q64j88jj31t00u00zr.jpg,
https://wx4.sinaimg.cn/large/008wWnj4ly1i08ax4w4wuj30u095c7wi.jpg,
https://wx4.sinaimg.cn/large/008wWnj4ly1i08axms0d9j30u02a7na8.jpg,
https://wx4.sinaimg.cn/large/008wWnj4ly1i0s5o873l8j30ka0203yj.jpg,
https://wx4.sinaimg.cn/large/008wWnj4ly1i0uktf7ddcj328e2hs7wh.jpg,
https://wx4.sinaimg.cn/large/008wWnj4ly1i0xiqdny9zj30qy0vj40t.jpg,
https://wx4.sinaimg.cn/large/008wWnj4ly1i171eht6b1j304e0863za.jpg,
https://wx4.sinaimg.cn/large/008wWnj4ly1i19o66mlqjj30kg0bi0to.jpg,
https://wx4.sinaimg.cn/large/008wWnj4ly1i1bc3fplydj30j105gmxo.jpg,
https://wx4.sinaimg.cn/large/008wWnj4ly1i1bsolk2afj30tz0ujna1.jpg,
https://wx4.sinaimg.cn/large/008wWnj4ly1i1d6vxar67j30u014q7ax.jpg,
https://wx4.sinaimg.cn/large/008wWnj4ly1i1ehm3oj81j30t81bv18i.jpg,
https://wx4.sinaimg.cn/large/008wWnj4ly1i1iy7u058gj31t00u0af9.jpg,
https://wx4.sinaimg.cn/large/008wWnj4ly1i1jw1h31ldj31n72gs1ck.jpg,
https://wx4.sinaimg.cn/large/008wWnj4ly1i1jw1i9n2fj31n72gswwo.jpg,
https://wx4.sinaimg.cn/large/008wWnj4ly1i1jzdp2nndj30tk13xe0g.jpg,
https://wx4.sinaimg.cn/large/008wWnj4ly1i1l770gzmij31t00u0gp4.jpg,
https://wx4.sinaimg.cn/large/008wWnj4ly1i1l770su5hj31t00u0jus.jpg,
https://wx4.sinaimg.cn/large/008wWnj4ly1i1ndm1qy3pj30ty41t7wh.jpg,
https://wx4.sinaimg.cn/large/008wWnj4ly1i1onrsl0qcj31t00u0n5z.jpg,
https://wx4.sinaimg.cn/large/008wWnj4ly1i1oo8337wwj31t05u0kjq.jpg,
https://wx4.sinaimg.cn/large/008wWnj4ly1i1qvlysmplj30qb0hmn38.jpg,
https://wx4.sinaimg.cn/large/008wWnj4ly1i1r13spjlij31t00u0gvm.jpg,
https://wx4.sinaimg.cn/large/008wWnj4ly1i1r13tv7maj31t00u0dpk.jpg,
https://wx4.sinaimg.cn/large/008wWnj4ly1i205jnjlauj30tz0izdkp.jpg,
https://wx4.sinaimg.cn/large/008wWnj4ly1i248zu80e4j30qg06amyn.jpg,
https://wx4.sinaimg.cn/large/008wWnj4ly1i249cmghgqj30o402674s.jpg,
https://wx4.sinaimg.cn/large/008wWnj4ly1i24eprc1otj30t6111wq1.jpg,
https://wx4.sinaimg.cn/large/008wWnj4ly1i25g1weknxj30qy07iaa5.jpg,
https://wx4.sinaimg.cn/large/008wWnj4ly1i2dylquuszj30tj18fgrs.jpg,
https://wx4.sinaimg.cn/large/008wWnj4ly1i2lu7jdw5bj30u01lsthp.jpg,
https://wx4.sinaimg.cn/large/008wWnj4ly1i2maabvmd4j30if02cq3b.jpg,
https://wx4.sinaimg.cn/large/008wWnj4ly1i2zpzry3f8j335s23ux6p.jpg,
https://wx4.sinaimg.cn/large/008wWnj4ly1i2zpztt8z1j318g0tl0xg.jpg,
https://wx4.sinaimg.cn/large/008wWnj4ly1i2zus4nisej30th0be0w6.jpg,
https://wx4.sinaimg.cn/large/008wWnj4ly1i32gidlp8dj30u01yawri.jpg,
https://wx4.sinaimg.cn/large/008wWnj4ly1i32rwaaajij30tk1b07wh.jpg,
https://wx4.sinaimg.cn/large/008wWnj4ly1i34getp6rkj30mo068ab1.jpg,
https://wx4.sinaimg.cn/large/008wWnj4ly1i3kebevzkbj30tz0u0djb.jpg,
https://wx4.sinaimg.cn/large/008wWnj4ly1i4adbgadbaj329o1h4b29.jpg,
https://wx4.sinaimg.cn/large/008wWnj4ly1i4bjt5hk62j30u01t0460.jpg,
https://wx4.sinaimg.cn/large/008wWnj4ly1i4p6ib7ld7j30le0dcq56.jpg,
https://wx4.sinaimg.cn/large/008wWnj4ly1i4spi42fflj30jy01sglz.jpg,
https://wx4.sinaimg.cn/large/008wWnj4ly1i4sva0swqzj30t808o423.jpg,
https://wx4.sinaimg.cn/large/008wWnj4ly1i54uzj4devj30to0vrk5h.jpg,
https://wx4.sinaimg.cn/large/008wWnj4ly1i5tlzwdp36j30wi0gzgsh.jpg,
https://wx4.sinaimg.cn/large/008wWnj4ly1i5to18idycj30wi0g6dl3.jpg,
https://wx4.sinaimg.cn/large/008wWnj4ly1i5vxo4ns2kj316o1kwdo4.jpg,
https://wx4.sinaimg.cn/large/008wWnj4ly1i65w3nlvicj30wi0wxgua.jpg,
https://wx4.sinaimg.cn/large/008wWnj4ly1i65w5cz1zlj311y1kwtl2.jpg,
https://wx4.sinaimg.cn/large/008wWnj4ly1i67vwxjp7ij30wi1yc4qp.jpg,
https://wx4.sinaimg.cn/large/008wWnj4ly1i6az487plfj30wi0773zx.jpg,
https://wx4.sinaimg.cn/large/008wWnj4ly1i6az48rso6j30wi0b10u9.jpg,
https://wx4.sinaimg.cn/large/008wWnj4ly1i6az490ewej30wi0la41q.jpg,
https://wx4.sinaimg.cn/large/008wWnj4ly1i6az49rr4nj30wi0aedhs.jpg,
https://wx4.sinaimg.cn/large/008wWnj4ly1i6az49yw4ij30wi0eamzo.jpg,
https://wx4.sinaimg.cn/large/008wWnj4ly1i6cewdx1wkj30wi0sejwv.jpg,
https://wx4.sinaimg.cn/large/008wWnj4ly1i6imavajszj30wi1ycb29.jpg,
https://wx4.sinaimg.cn/large/008wWnj4ly1i6k8iojvcjj30u011iwjg.jpg,
https://wx4.sinaimg.cn/large/008wWnj4ly1i6ka583a8vj31kw49hkjl.jpg,
https://wx4.sinaimg.cn/large/008wWnj4ly1i6kcd346ggj31hc0om79t.jpg,
https://wx4.sinaimg.cn/large/008wWnj4ly1i6x7tvyje4j30wi0cmacp.jpg,
https://wx4.sinaimg.cn/large/008wWnj4ly1i72pz9bzjrj31a60u0gti.jpg,
https://wx4.sinaimg.cn/large/008wWnj4ly1i7ag3gejjaj30wi061jsq.jpg,
https://wx4.sinaimg.cn/large/008wWnj4ly1i7aykpsk0kj30wi09975i.jpg,
https://wx4.sinaimg.cn/large/008wWnj4ly1i7fh6lr5pdj30ot0xkwhv.jpg,
https://wx4.sinaimg.cn/large/008wWnj4ly1i7fiqggc4dj30bq02aq2x.jpg,
https://wx4.sinaimg.cn/large/008wWnj4ly1i7hbokse2sj30wi1heqd6.jpg,
https://wx4.sinaimg.cn/large/008wWnj4ly1i7it3y2mxyj30wi1cxair.jpg,
https://wx4.sinaimg.cn/large/008wWnj4ly1i7suarywisj30wi1b2jyu.jpg,
https://wx4.sinaimg.cn/large/008wWnj4ly1i7t1vuaiwbj30wi0aejte.jpg,
https://wx4.sinaimg.cn/large/008wWnj4ly1i7ulwtquqxj31yc0winpd.jpg,
https://wx4.sinaimg.cn/large/008wWnj4ly1i7vk43uoe2j30wi0yzq9y.jpg,
https://wx4.sinaimg.cn/large/008wWnj4ly1i7yzfztwhpj30wi1yc4qp.jpg,
https://wx4.sinaimg.cn/large/008wWnj4ly1i801vlb20xj30wi1ehaq5.jpg,
https://wx4.sinaimg.cn/large/008wWnj4ly1i801vnbnmvj30tm18g4h1.jpg,
https://wx4.sinaimg.cn/large/008wWnj4ly1i802jjje9yj30wi1crwoq.jpg,
https://wx4.sinaimg.cn/large/008wWnj4ly1i80412fvsej31hv0w3qfg.jpg,
https://wx4.sinaimg.cn/large/008wWnj4ly1i8041m41abj31ke25de81.jpg,
https://wx4.sinaimg.cn/large/008wWnj4ly1i8055tlr3ej31yc0wi1kx.jpg,
https://wx4.sinaimg.cn/large/008wWnj4ly1i805d5nzbej31yc0wi4qp.jpg,
https://wx4.sinaimg.cn/large/008wWnj4ly1i807l8yftoj31yc0wiqti.jpg,
https://wx4.sinaimg.cn/large/008wWnj4ly1i807lfa9cbj31yc0wi1kx.jpg,
https://wx4.sinaimg.cn/large/008wWnj4ly1i8166g8qluj31kw1kwna2.jpg,
https://wx4.sinaimg.cn/large/008wWnj4ly1i8166ldlj9j31kw1kwqjq.jpg,
https://wx4.sinaimg.cn/large/008wWnj4ly1i83iwlnfytj3068068q31.jpg,
https://wx4.sinaimg.cn/large/008wWnj4ly1i85xue9kopj30ox0j840b.jpg,
https://wx4.sinaimg.cn/large/008wWnj4ly1i86w7sxdttj31qa3s8qv5.jpg,
https://wx4.sinaimg.cn/large/008wWnj4ly1i8yphpa4c7j30wi0z7tcf.jpg,
https://wx4.sinaimg.cn/large/008wWnj4ly1i8yphpj3yaj30zk0js0tt.jpg,
https://wx4.sinaimg.cn/large/008wWnj4ly1ia9c3r845nj30wi0q0116.jpg,
https://wx4.sinaimg.cn/large/008wWnj4ly1ia9c3rjsqzj30wi0q844k.jpg,
https://wx4.sinaimg.cn/large/008wWnj4ly1iamgo3pdcsj30go0ljtbm.jpg,
https://wx4.sinaimg.cn/large/008wWnj4ly1iaxk1ko0yhj31yc0wi1ex.jpg,
https://wx4.sinaimg.cn/large/008wWnj4ly1ib6yc6yshgj31yc0wi7wh.jpg,
https://wx4.sinaimg.cn/large/008wWnj4ly1ib824k7skvj30wi1tjn8t.jpg,
https://wx4.sinaimg.cn/large/008wWnj4ly1ib9wrise82j31uc1actug.jpg,
https://wx4.sinaimg.cn/large/008wWnj4ly1ibb82jwsbhj31hc140188.jpg,
https://wx4.sinaimg.cn/large/008wWnj4ly1ibb9szhjqoj31hc140k7c.jpg,
https://wx4.sinaimg.cn/large/008wWnj4ly1ibc2trtvcqj30wi0ppwje.jpg,
https://wx4.sinaimg.cn/large/008wWnj4ly1ibdibvdgtyj31sc2dsnpd.jpg,
https://wx4.sinaimg.cn/large/008wWnj4ly1ibdibwah8rj31sc2dskjl.jpg,
https://wx4.sinaimg.cn/large/008wWnj4ly1ibdic2ljjjj31sc2dsnpd.jpg,
https://wx4.sinaimg.cn/large/008wWnj4ly1ibdic3r7iqj31sc2dsqv5.jpg,
https://wx4.sinaimg.cn/large/008wWnj4ly1ibdm1nzvi3j30li06p0tb.jpg,
https://wx4.sinaimg.cn/large/008wWnj4ly1ibdy4vg2yhj30u00u00yn.jpg,
https://wx4.sinaimg.cn/large/008wWnj4ly1ibdy55ee0cj31400u0n3p.jpg,
https://wx4.sinaimg.cn/large/008wWnj4ly1ibgnw7ynjpj30wi0kd42k.jpg,
https://wx4.sinaimg.cn/large/008wWnj4ly1ibgw2vca4sj30u034iqqm.jpg,
https://wx4.sinaimg.cn/large/008wWnj4ly1ibgw314m6nj30u07aihdu.jpg,
https://wx4.sinaimg.cn/large/008wWnj4ly1ibgw346teyj30u06xjx6q.jpg,
https://wx4.sinaimg.cn/large/008wWnj4ly1ibgw3cmghmj30u06uvqv6.jpg,
https://wx4.sinaimg.cn/large/008wWnj4ly1ibgw3g9815j30u08i5hdu.jpg,
https://wx4.sinaimg.cn/large/008wWnj4ly1ibh3pu4eimj30go04aq3k.jpg,
https://wx4.sinaimg.cn/large/008wWnj4ly1ibj0hcsv2wj30vw0thwjt.jpg,
https://wx4.sinaimg.cn/large/008wWnj4ly1ibj0orr8ogj30yi16ityh.jpg,
https://wx4.sinaimg.cn/large/008wWnj4ly1ibj1qrtb33j31jk2bdqv5.jpg,
https://wx4.sinaimg.cn/large/008wWnj4ly1ibj1quy5cnj31jk2qp4qq.jpg,
https://wx4.sinaimg.cn/large/008wWnj4ly1ibj1qw7xenj31jk2bc7wh.jpg,
https://wx4.sinaimg.cn/large/008wWnj4ly1ibj1qxry17j31jk2bchdt.jpg,
https://wx4.sinaimg.cn/large/008wWnj4ly1ibk5fjs89yj31jk2bckjl.jpg,
https://wx4.sinaimg.cn/large/008wWnj4ly1ibk5fkuabqj31jk1111ei.jpg,
https://wx4.sinaimg.cn/large/008wWnj4ly1ibkq81b4vxj31402el7oz.jpg,
https://wx4.sinaimg.cn/large/008wWnj4ly1iblixoziddj31dl1u47kk.jpg,
https://wx4.sinaimg.cn/large/008wWnj4ly1iblixpdvtsj31dr1uctor.jpg,
https://wx4.sinaimg.cn/large/008wWnj4ly1ibmzo9t8ahj30u01hcdmc.jpg,
https://wx4.sinaimg.cn/large/008wWnj4ly1ibn55ogh9ej30wi1ycb29.jpg,
https://wx4.sinaimg.cn/large/008wWnj4ly1ibn55r3mmlj30wi1yc7wh.jpg,
https://wx4.sinaimg.cn/large/008wWnj4ly1ibn5681fbdj30wi1yc4qp.jpg,
https://wx4.sinaimg.cn/large/008wWnj4ly1ibn78awik7j30u01hcgrg.jpg,
https://wx4.sinaimg.cn/large/008wWnj4ly1ibocalatw5j30k00k0764.jpg,
https://wx4.sinaimg.cn/large/008wWnj4ly1ibp6j1c49bj31u812c1ky.jpg,
https://wx4.sinaimg.cn/large/008wWnj4ly1ibph74ek17j30wi1gaan0.jpg,
https://wx4.sinaimg.cn/large/008wWnj4ly1ibqno5u1q4j316o1kwgxp.jpg,
https://wx4.sinaimg.cn/large/008wWnj4ly1ibqno6o3adj30wi17w4em.jpg,
https://wx4.sinaimg.cn/large/008wWnj4ly1ibqno76nowj31dm1kwdpt.jpg,
https://wx4.sinaimg.cn/large/008wWnj4ly1ibqno7x6ejj31kw148tlh.jpg,
https://wx4.sinaimg.cn/large/008wWnj4ly1ibr2egx4yej30wi12ownf.jpg,
https://wx4.sinaimg.cn/large/008wWnj4ly1ibr2gktlgpj30wi2wytge.jpg,
https://wx4.sinaimg.cn/large/008wWnj4ly1ibsjekwj2jj30ye0gitbv.jpg,
https://wx4.sinaimg.cn/large/008wWnj4ly1ibskrjvoorj31s60uk4pk.jpg,
https://wx4.sinaimg.cn/large/008wWnj4ly1ibwk5bdyd9j31400u0gs0.jpg,
https://wx4.sinaimg.cn/large/008wWnj4ly1ic0ztkogmuj31kv1gkk8m.jpg,
https://wx4.sinaimg.cn/large/008wWnj4ly1ic24gplak9j31400u00xt.jpg,
https://wx4.sinaimg.cn/large/008wWnj4ly1ic28cqh0juj30wi1ychdt.jpg,
https://wx4.sinaimg.cn/large/008wWnj4ly1ic28csn2xxj30wi1ycnpd.jpg,
https://wx4.sinaimg.cn/large/008wWnj4ly1ic28cuspdej30wi1ycnpd.jpg,
https://wx4.sinaimg.cn/large/008wWnj4ly1ic5kgaj2g9j30k00k0gnj.jpg,
https://wx4.sinaimg.cn/large/008wWnj4ly1ic6r2w23vej30u014077n.jpg,
https://wx4.sinaimg.cn/large/008wWnj4ly1ic6r30nu08j30u0140q85.jpg,
https://wx4.sinaimg.cn/large/008wWnj4ly1icaz40b41cj30u00kytcv.jpg,
https://wx4.sinaimg.cn/large/008wWnj4ly1ich48hebedj311y11ygqt.jpg,
https://wx4.sinaimg.cn/large/008wWnj4ly1ickg55j2ndj30oo1hcgq9.jpg,
https://wx4.sinaimg.cn/large/008wWnj4ly1icliz9l2duj30wi1yc7s0.jpg,
https://wx4.sinaimg.cn/large/008wWnj4ly1iclizau61pj30wi1yc4n5.jpg,
https://wx4.sinaimg.cn/large/008wWnj4ly1icmz6bv2axj30tz118doo.jpg,
https://wx4.sinaimg.cn/large/008wWnj4ly1icmz6j6eljj30ty11a0zh.jpg,
https://wx4.sinaimg.cn/large/008wWnj4ly1icmzd5jwcnj30tz118gt4.jpg,
https://wx4.sinaimg.cn/large/008wWnj4ly1icmzmwv822j30tz11846j.jpg,
https://wx4.sinaimg.cn/large/008wWnj4ly1iculm6oxkjj30wh0h8ju1.jpg,
https://wx4.sinaimg.cn/large/008wWnj4ly1iculm70gfgj30wh0cvmz5.jpg,
https://wx4.sinaimg.cn/large/008wWnj4ly1iculm7kdrzj30wh05cjs2.jpg,
https://wx4.sinaimg.cn/large/008wWnj4ly1iculn4x7ysj30wh0de40e.jpg,
https://wx4.sinaimg.cn/large/008wWnj4ly1icvxek5qh5j33c03c0tvk.jpg,
https://wx4.sinaimg.cn/large/008wWnj4ly1icw8kgjs5mj30qo0qomze.jpg,
https://wx4.sinaimg.cn/large/008wWnj4ly1icydszvlskj31400u0449.jpg,
https://wx4.sinaimg.cn/large/008wWnj4ly1icyf7mhrryj30u90m3wh2.jpg,
https://wx4.sinaimg.cn/large/008wWnj4ly1id1qjix2htj30wi0l9afi.jpg,
https://wx4.sinaimg.cn/large/008whEnDly1icy5pf57zlj30nu0hz0ui.jpg,
https://wx4.sinaimg.cn/large/008whEnDly1icy5rtfibsj30yc17nqat.jpg,
https://wx4.sinaimg.cn/large/008zoVG2ly1icwxgtw92gj30u00u4dlf.jpg,
https://wx4.sinaimg.cn/large/008zoVG2ly1icwxgu80dtj30v10zk14v.jpg,
https://wx4.sinaimg.cn/large/008zoVG2ly1icwxgv44wwj310o2uiwws.jpg,
https://wx4.sinaimg.cn/large/008zoVG2ly1icwxgveutlj30tj0tj40c.jpg,
https://wx4.sinaimg.cn/large/00927kYwgy1i9pnl5ojpij30ts1m4tf3.jpg,
https://wx4.sinaimg.cn/large/0095egTsly1iczfgjzm3jj31e623ab29.jpg,
https://wx4.sinaimg.cn/large/0095egTsly1iczfgpsa5rj31nv2ht7wi.jpg,
https://wx4.sinaimg.cn/large/0095egTsly1iczfgtkb7oj31iz2ahhdt.jpg,
https://wx4.sinaimg.cn/large/0095egTsly1iczfgxpxlcj31kl2cvu0x.jpg,
https://wx4.sinaimg.cn/large/0099rgTLgy1ictrboalhej31m52f81hf.jpg,
https://wx4.sinaimg.cn/large/0099rgTLgy1ictrbtj5dqj31nv2htnki.jpg,
https://wx4.sinaimg.cn/large/0099rgTLgy1ictrbu7vwaj31om2ix7o0.jpg,
https://wx4.sinaimg.cn/large/54dfcafdgy1i4smls84cpj20u01v00z9.jpg,
https://wx4.sinaimg.cn/large/64b09626ly1i8gbqj3kvdj20go0q377k.jpg,
https://wx4.sinaimg.cn/large/64b09626ly1i8gbqj3ruvj20go0h8ac6.jpg,
https://wx4.sinaimg.cn/large/64b09626ly1i8gbqj9w3mj20jg0gl77a.jpg,
https://wx4.sinaimg.cn/large/67436eebgy1icmvqmhug8j20u0140u0x.jpg,
https://wx4.sinaimg.cn/large/6f0843b2gy1ht8jacw2dwj20xw0c6wfg.jpg,
https://wx4.sinaimg.cn/large/6f0843b2gy1hzlc8defs0j222l1me7wh.jpg,
https://wx4.sinaimg.cn/large/720b8534gy1i4ptux9fn8j21kw0w0wr1.jpg,
https://wx4.sinaimg.cn/large/7e682393ly1icvv3qzxwaj23xc2m8kjn.jpg,
https://wx4.sinaimg.cn/large/7e682393ly1icvv3uf89uj2334224e83.jpg,
https://wx4.sinaimg.cn/large/96fbb5d3gy1ibn48ow7k3j20xi13rdqy.jpg,
https://wx4.sinaimg.cn/large/9aec18c9gy1ib4bzh6pvbj225s1e0kdb.jpg,
https://wx4.sinaimg.cn/large/9aec18c9gy1ib4c0h1wzxj21ac1zse4o.jpg,
https://wx4.sinaimg.cn/large/9dd38fb5ly1hw8t4vrxlcj211s0ovdjv.jpg,
https://wx4.sinaimg.cn/large/9dd38fb5ly1hw8t4ze817j20m80dpq3w.jpg,
https://wx4.sinaimg.cn/large/9dd38fb5ly1hwzn6e0kt0j20ru0fodii.jpg,
https://wx4.sinaimg.cn/large/9dd38fb5ly1i5fp5vnni2j20u011igqi.jpg,
https://wx4.sinaimg.cn/large/9dd38fb5ly1ianpw5t03nj20tz1ij133.jpg,
https://wx4.sinaimg.cn/large/9ec59f8bgy1icvwgkwr3mj21hc0u07ca.jpg,
https://wx4.sinaimg.cn/large/ad9ee005gy1icy41xmzxsj20v91jltf6.jpg,
https://wx4.sinaimg.cn/large/ad9ee005gy1icy41ywce1j20v91jl0vu.jpg,
https://wx4.sinaimg.cn/large/ad9ee005gy1icy425kzg2j20v91jldlh.jpg,
https://wx4.sinaimg.cn/large/ad9ee005gy1icy4ks5mdbj20v91jlae5.jpg,
https://wx4.sinaimg.cn/large/b02cf0e0gy1hxu07l9yp6j20ja0hv74o.jpg,
https://wx4.sinaimg.cn/large/b02cf0e0gy1hyb3g2b13aj21kd10h7i7.jpg,
https://wx4.sinaimg.cn/large/b02cf0e0gy1hyb3g3dhsgj215e10aqd7.jpg,
https://wx4.sinaimg.cn/large/b02cf0e0gy1hyb6pgj174j21kw0w3n1j.jpg,
https://wx4.sinaimg.cn/large/b02cf0e0gy1hybgir06mkj20wi0r6tdy.jpg,
https://wx4.sinaimg.cn/large/b02cf0e0gy1hzvu3sve28j20sg0m8dk4.jpg,
https://wx4.sinaimg.cn/large/c22eddbcly1icx38je3zyj20xi11bade.jpg,
https://wx4.sinaimg.cn/large/e4dae940gy1hvwlnx59vbg20k00k01l0.gif,
https://wx4.sinaimg.cn/large/ebcc9c94ly1id0hy5tbeqj223q29o7ij.jpg,
https://wx4.sinaimg.cn/large/f127b5a7gy1ictprdka95j22bc3gz7wj.jpg,
https://wx4.sinaimg.cn/large/f127b5a7gy1ictq5y42edj22bc3gzb2b.jpg,
https://wx4.sinaimg.cn/large/f127b5a7gy1icv0z4k1uuj227u3brkjm.jpg,
https://wx4.sinaimg.cn/large/f127b5a7gy1icv5nelhb2j23344mou14.jpg,
https://wx4.sinaimg.cn/large/f127b5a7gy1icv5nlzz2tj23344mox6x.jpg,
https://wx4.sinaimg.cn/orj480/001NUlVxgy1hyuqbzoutxj60u0140h0z02.jpg,
https://wx4.sinaimg.cn/orj480/001TnUG6ly1icvy8tstqbj60g00sggmo02.jpg,
https://wx4.sinaimg.cn/orj480/0026YIXUgy1i2n1zfg5dnj60u00gv76402.jpg,
https://wx4.sinaimg.cn/orj480/005KdKkTgy1hwf0l733roj30xw0j2mzw.jpg,
https://wx4.sinaimg.cn/orj480/005KdKkTgy1i22l0yls5hj30xw0mk404.jpg,
https://wx4.sinaimg.cn/orj480/005KdKkTly1i23a9cw95rj31hc0u0di6.jpg,
https://wx4.sinaimg.cn/orj480/005T06oZgy1hzjda6wtmkj30zk0k0jwq.jpg,
https://wx4.sinaimg.cn/orj480/005T06oZly1hxa0pucn9aj30k00qotdj.jpg,
https://wx4.sinaimg.cn/orj480/005T06oZly1hy6b1nmyfgj30sg0g07bf.jpg,
https://wx4.sinaimg.cn/orj480/005vhJLPgy1hzuq4jpjusj30u00di76f.jpg,
https://wx4.sinaimg.cn/orj480/005vhJLPgy1i5ftok0k65j31hc0u0420.jpg,
https://wx4.sinaimg.cn/orj480/005zMHzHgy1hjvwmggrhgj30zk0k0gqs.jpg,
https://wx4.sinaimg.cn/orj480/0063ZBshgy1i2g6tz7vg2j30zk0k043q.jpg,
https://wx4.sinaimg.cn/orj480/006851idly1icvqdgnu4oj30k00zk74s.jpg,
https://wx4.sinaimg.cn/orj480/0068GZJSgy1i5nmuuk2f5j31hc0u0wen.jpg,
https://wx4.sinaimg.cn/orj480/006mEiMGgy1hvl10tih71j30zk0k0dly.jpg,
https://wx4.sinaimg.cn/orj480/006mEiMGgy1hvl2dkvekxj31hc0u07da.jpg,
https://wx4.sinaimg.cn/orj480/006mEiMGgy1hwew3jm7nij30m80ic3zz.jpg,
https://wx4.sinaimg.cn/orj480/006mEiMGly1hwevocfhxej307s06i74r.jpg,
https://wx4.sinaimg.cn/orj480/006mEiMGly1hyosuvlc5hj30t80k0tct.jpg,
https://wx4.sinaimg.cn/orj480/006mEiMGly1hysbj58o19j30ag09kt9l.jpg,
https://wx4.sinaimg.cn/orj480/006mEiMGly1i2g8pwlikcj30k00qo0vk.jpg,
https://wx4.sinaimg.cn/orj480/006mEiMGly1ib5f1r21ekj31t70u042d.jpg,
https://wx4.sinaimg.cn/orj480/006pQTe9gy1hvl2kd83igj30zk0k0go8.jpg,
https://wx4.sinaimg.cn/orj480/006pQTe9gy1hyx9a1r0hpj30oo0dw40u.jpg,
https://wx4.sinaimg.cn/orj480/00792LBbly1ictnfbfc31j30zu0k6jwc.jpg,
https://wx4.sinaimg.cn/orj480/007LjNhCgy1i0s92sfds5j30zk0k0acq.jpg,
https://wx4.sinaimg.cn/orj480/007ZLf6zgy1hwjd63ilw5j31hc0u040l.jpg,
https://wx4.sinaimg.cn/orj480/007ZLf6zgy1hx9zmy7z55j30u00k0aah.jpg,
https://wx4.sinaimg.cn/orj480/007ZLf6zgy1hx9zpzm4jdj31hc0u0jsl.jpg,
https://wx4.sinaimg.cn/orj480/007ZLf6zgy1hxfuhmosvxj30u00u0gmr.jpg,
https://wx4.sinaimg.cn/orj480/007ZLf6zgy1hymvriojngj30zk0k07g4.jpg,
https://wx4.sinaimg.cn/orj480/007ZLf6zgy1hz0tms2saij30b408w0sv.jpg,
https://wx4.sinaimg.cn/orj480/007ZLf6zgy1i0k341tgtfj31hc0u0q58.jpg,
https://wx4.sinaimg.cn/orj480/007ZLf6zgy1i0m8lzkn04j31hc0u0dj7.jpg,
https://wx4.sinaimg.cn/orj480/007ZLf6zgy1i0s6gzmsl1j31hc0u077l.jpg,
https://wx4.sinaimg.cn/orj480/007ZLf6zgy1i1650bw8vnj31hc0u0mye.jpg,
https://wx4.sinaimg.cn/orj480/007ZLf6zgy1i8glgkd0i9j31hc0u0mzw.jpg,
https://wx4.sinaimg.cn/orj480/007ZLf6zly1i8tdhyioekj31hc0u040t.jpg,
https://wx4.sinaimg.cn/orj480/007ZLf6zly1i9f7retwwyj31hc0u0gnp.jpg,
https://wx4.sinaimg.cn/orj480/007ljRmwly1hyc7bkzsqnj30u00gvjsm.jpg,
https://wx4.sinaimg.cn/orj480/008D6Seygy1hwbgdk57xvj31ds0u07bc.jpg,
https://wx4.sinaimg.cn/orj480/008D6Seygy1hxftj4tednj310o0pwqcb.jpg,
https://wx4.sinaimg.cn/orj480/008D6Seygy1hxw1i7au84j31gy0tttpk.jpg,
https://wx4.sinaimg.cn/orj480/008D6Seygy1i0vuvbo9msj31ha0tz181.jpg,
https://wx4.sinaimg.cn/orj480/008G5Mg5gy1ic8vwiu00xj30zk0k0jsq.jpg,
https://wx4.sinaimg.cn/orj480/008G5Mg5gy1icmpndyj5cj313o0mb104.jpg,
https://wx4.sinaimg.cn/orj480/008jX8K4ly1hzdaz3t7btj30u00gw0ty.jpg,
https://wx4.sinaimg.cn/orj480/008sIr7fgy1hwjmne0g72j30tg0gladh.jpg,
https://wx4.sinaimg.cn/orj480/008sIr7fgy1hy8ytk7f6wj30k00bajt6.jpg,
https://wx4.sinaimg.cn/orj480/008sIr7fgy1hyo1tu4az3j312a0ll78p.jpg,
https://wx4.sinaimg.cn/orj480/008sIr7fgy1hzj30m3knmj30k00qoq6j.jpg,
https://wx4.sinaimg.cn/orj480/008sIr7fgy1i4v7w2h244j31hc0u17hg.jpg,
https://wx4.sinaimg.cn/orj480/008sIr7fgy1i609ip5xwoj31hc0u1tlo.jpg,
https://wx4.sinaimg.cn/orj480/008sIr7fgy1i676che4blj317o0okk3b.jpg,
https://wx4.sinaimg.cn/orj480/008sIr7fgy1i88gy5oyw5j31340m1766.jpg,
https://wx4.sinaimg.cn/orj480/008sIr7fgy1i8ani9ot1oj30pw0emjsu.jpg,
https://wx4.sinaimg.cn/orj480/008vyuE2ly1icpfbmf3x5j31hc0u0mzx.jpg,
https://wx4.sinaimg.cn/orj480/008w8muKgy1hvl0euhrwvj30om0dvgox.jpg,
https://wx4.sinaimg.cn/orj480/008w8muKgy1hwdqg0c3jej30om0dv414.jpg,
https://wx4.sinaimg.cn/orj480/008w8muKgy1hx0xt54rhfj30m80imq3t.jpg,
https://wx4.sinaimg.cn/orj480/008w8muKgy1hy9107mmw0j30u00mjjt9.jpg,
https://wx4.sinaimg.cn/orj480/008w8muKgy1i00b6no9daj315t0njqk8.jpg,
https://wx4.sinaimg.cn/orj480/008w8muKgy1i4jnou721uj30u00oogmn.jpg,
https://wx4.sinaimg.cn/orj480/008w8muKgy1ib7tnrpzayj30zu0k7jw1.jpg,
https://wx4.sinaimg.cn/orj480/008w8muKly1i1lzm2rvcyj30ui0h4wf0.jpg,
https://wx4.sinaimg.cn/orj480/67436eebgy1ickdzkwu74j20u01407wh.jpg,
https://wx4.sinaimg.cn/orj480/67436eebgy1iclflc9j67j20u0140b29.jpg,
https://wx4.sinaimg.cn/orj480/7e959905gy1hy1ytxjp1nj21hc0tuqgc.jpg,
https://wx4.sinaimg.cn/orj480/9dd38fb5ly1i4nky4mne7j20zk0k0q4e.jpg,
https://wx4.sinaimg.cn/orj480/b02cf0e0gy1hxzme537gnj20k00b975t.jpg,
https://wx4.sinaimg.cn/orj480/b02cf0e0gy1i1jysbx1e1j20ys0jlwid.jpg,
https://wx4.sinaimg.cn/orj480/b02cf0e0ly1hy0xcskko1j20uk0h80vs.jpg,
https://y.gtimg.cn/music/photo_new/T002R300x300M601000XHZBA15wYkF_1.jpg